name	review	date_posted	star	review_id	latitude	longitude	url	alamat	website	scraped_time
ANDRIYANA ARIFIN	Lahh ini gimana sihh vinfast sama Quality control nya, masa sasis sebelah kiri ga di Las, + mobil belok ke kiri terus padahal di sporing juga udahh, mau di benerin di dealer nya, ngomong belum ada alat nga, padahal tinggal di Las doang. Dahh Lah kapok Beli Vietnam ini, QULITASNYAN JELEK	2 bulan lalu	1 bintang	Ci9DQUlRQUNvZENodHljRjlvT2todGRrVnVZbWxhTTA1YWVqVTVjREo2TkZGdVdXYxAB	-6.540982	107.834607	https://www.google.com/maps/place/PT+VINFAST+AUTOMOBILE+INDONESIA+PLANT/data=!4m7!3m6!1s0x2e693b000d0c790f:0xd220a6df32997e4f!8m2!3d-6.5409822!4d107.8346119!16s%2Fg%2F11yj2wbtsx!19sChIJD3kMDQA7aS4RT36ZMt-mINI?authuser=0&hl=id&rclk=1	FR7V+2F, Wanasari, Kec. Cipunagara, Kabupaten Subang, Jawa Barat 41285		14/08/2026 10:43:58
Egii Setiawan	akses ke gudangnya sempit tapi area gudang sangat luass	5 bulan lalu	3 bintang	Ci9DQUlRQUNvZENodHljRjlvT2xGb1VEQldOMmRJVUhGdU1EWkpkVkpsWWpKU1pYYxAB	-6.540982	107.834607	https://www.google.com/maps/place/PT+VINFAST+AUTOMOBILE+INDONESIA+PLANT/data=!4m7!3m6!1s0x2e693b000d0c790f:0xd220a6df32997e4f!8m2!3d-6.5409822!4d107.8346119!16s%2Fg%2F11yj2wbtsx!19sChIJD3kMDQA7aS4RT36ZMt-mINI?authuser=0&hl=id&rclk=1	FR7V+2F, Wanasari, Kec. Cipunagara, Kabupaten Subang, Jawa Barat 41285		14/08/2026 10:43:58
ryan pentol	perijinan untuk akses keluar masuk proyek terlalu dipersulit. terlebih dari pihak manajemen yang terlalu sibuk dan tidak adanya perwakilan untuk mengurus surat perijinan yang semakin mempersulit pengurusan surat keluar masuk lokasi proyek	7 bulan lalu	1 bintang	Ci9DQUlRQUNvZENodHljRjlvT2tWQ1VrbE5XV2xGUVdweVdETjRZWFE1WkhkS0xYYxAB	-6.540982	107.834607	https://www.google.com/maps/place/PT+VINFAST+AUTOMOBILE+INDONESIA+PLANT/data=!4m7!3m6!1s0x2e693b000d0c790f:0xd220a6df32997e4f!8m2!3d-6.5409822!4d107.8346119!16s%2Fg%2F11yj2wbtsx!19sChIJD3kMDQA7aS4RT36ZMt-mINI?authuser=0&hl=id&rclk=1	FR7V+2F, Wanasari, Kec. Cipunagara, Kabupaten Subang, Jawa Barat 41285		14/08/2026 10:43:58
SUCIPTO	Kehadiran Pabrik Mobil Listrik merk Vinfast di Indonesia akan menjadi perusahaan ini maju dan berkembang pesat. Teknologi dan inovasi pada kendaraan roda 4 dan roda 2 yang disajikan sangat luar biasa. Harapan besar saya Vinfast selalu berada didepan...Bravo Vinfast 💪💪💪 …	8 bulan lalu	5 bintang	Ci9DQUlRQUNvZENodHljRjlvT205Uk5tSk9ObWd6VTFSYVRuZFJWV2czWTA1SWJGRRAB	-6.540982	107.834607	https://www.google.com/maps/place/PT+VINFAST+AUTOMOBILE+INDONESIA+PLANT/data=!4m7!3m6!1s0x2e693b000d0c790f:0xd220a6df32997e4f!8m2!3d-6.5409822!4d107.8346119!16s%2Fg%2F11yj2wbtsx!19sChIJD3kMDQA7aS4RT36ZMt-mINI?authuser=0&hl=id&rclk=1	FR7V+2F, Wanasari, Kec. Cipunagara, Kabupaten Subang, Jawa Barat 41285		14/08/2026 10:43:58
Babank Go	Info min katanya ada proyek pemagaran,.sayaau ambil urugannya	sebulan lalu	5 bintang	Ci9DQUlRQUNvZENodHljRjlvT21nNVkxQm1TazFpVEZObVRqSXphM3BoWTBaMFRYYxAB	-6.540982	107.834607	https://www.google.com/maps/place/PT+VINFAST+AUTOMOBILE+INDONESIA+PLANT/data=!4m7!3m6!1s0x2e693b000d0c790f:0xd220a6df32997e4f!8m2!3d-6.5409822!4d107.8346119!16s%2Fg%2F11yj2wbtsx!19sChIJD3kMDQA7aS4RT36ZMt-mINI?authuser=0&hl=id&rclk=1	FR7V+2F, Wanasari, Kec. Cipunagara, Kabupaten Subang, Jawa Barat 41285		14/08/2026 10:43:58
Tarjani Jani	Semoga perusahan ini makin sukses dan produknya di terima olah masyarakat Indonesia 🤲 …	4 bulan lalu	5 bintang	Ci9DQUlRQUNvZENodHljRjlvT2pKTmVsbGZhVEpzUTJSSFVtWTBabUpLY25wUlZWRRAB	-6.540982	107.834607	https://www.google.com/maps/place/PT+VINFAST+AUTOMOBILE+INDONESIA+PLANT/data=!4m7!3m6!1s0x2e693b000d0c790f:0xd220a6df32997e4f!8m2!3d-6.5409822!4d107.8346119!16s%2Fg%2F11yj2wbtsx!19sChIJD3kMDQA7aS4RT36ZMt-mINI?authuser=0&hl=id&rclk=1	FR7V+2F, Wanasari, Kec. Cipunagara, Kabupaten Subang, Jawa Barat 41285		14/08/2026 10:43:58
Rasnawi Awi	Ree schedule pupuk kujang	4 bulan lalu	5 bintang	Ci9DQUlRQUNvZENodHljRjlvT2tGcFIxa3paVGhTWm1KMGR6QnNhVmRSVWtvMGQxRRAB	-6.540982	107.834607	https://www.google.com/maps/place/PT+VINFAST+AUTOMOBILE+INDONESIA+PLANT/data=!4m7!3m6!1s0x2e693b000d0c790f:0xd220a6df32997e4f!8m2!3d-6.5409822!4d107.8346119!16s%2Fg%2F11yj2wbtsx!19sChIJD3kMDQA7aS4RT36ZMt-mINI?authuser=0&hl=id&rclk=1	FR7V+2F, Wanasari, Kec. Cipunagara, Kabupaten Subang, Jawa Barat 41285		14/08/2026 10:43:58
febriyanti sihombing	Perusahaan Mobil listrik ternama yang berkantor pusat di Vietnam, semoga bisa banyak di kenal oleh masyarakat 😇 …	8 bulan lalu	5 bintang	Ci9DQUlRQUNvZENodHljRjlvT2pOUGFrUXRhbkZZZW1sNVNUUTRUQzE1V0Zwd1pVRRAB	-6.540982	107.834607	https://www.google.com/maps/place/PT+VINFAST+AUTOMOBILE+INDONESIA+PLANT/data=!4m7!3m6!1s0x2e693b000d0c790f:0xd220a6df32997e4f!8m2!3d-6.5409822!4d107.8346119!16s%2Fg%2F11yj2wbtsx!19sChIJD3kMDQA7aS4RT36ZMt-mINI?authuser=0&hl=id&rclk=1	FR7V+2F, Wanasari, Kec. Cipunagara, Kabupaten Subang, Jawa Barat 41285		14/08/2026 10:43:58
Wisnu Saputra	Belum kepanggil aja udah ngeweb lama, pdhl ex Daihatsu. Semoga cepet kepanggil dan ada rejekinya disni	9 bulan lalu	5 bintang	Ci9DQUlRQUNvZENodHljRjlvT2xkeWRFNWFWekJWV0dkZlNYVk9XaTF0VWtwNFJXYxAB	-6.540982	107.834607	https://www.google.com/maps/place/PT+VINFAST+AUTOMOBILE+INDONESIA+PLANT/data=!4m7!3m6!1s0x2e693b000d0c790f:0xd220a6df32997e4f!8m2!3d-6.5409822!4d107.8346119!16s%2Fg%2F11yj2wbtsx!19sChIJD3kMDQA7aS4RT36ZMt-mINI?authuser=0&hl=id&rclk=1	FR7V+2F, Wanasari, Kec. Cipunagara, Kabupaten Subang, Jawa Barat 41285		14/08/2026 10:43:58
Lukman Hakim	Vinfast lokernya buka dmna yah?	3 bulan lalu	5 bintang	Ci9DQUlRQUNvZENodHljRjlvT20xUWJYUnhabXBsT1dKT04zTnlOMWRxVkc4M1ZWRRAB	-6.540982	107.834607	https://www.google.com/maps/place/PT+VINFAST+AUTOMOBILE+INDONESIA+PLANT/data=!4m7!3m6!1s0x2e693b000d0c790f:0xd220a6df32997e4f!8m2!3d-6.5409822!4d107.8346119!16s%2Fg%2F11yj2wbtsx!19sChIJD3kMDQA7aS4RT36ZMt-mINI?authuser=0&hl=id&rclk=1	FR7V+2F, Wanasari, Kec. Cipunagara, Kabupaten Subang, Jawa Barat 41285		14/08/2026 10:43:58
Bima Gunawan	Info loker untuk yang di luar daerah jawa	2 bulan lalu	5 bintang	Ci9DQUlRQUNvZENodHljRjlvT21kcFVuZzJjSFJIWjNCSFNHUjVlbTVOZHpORVYxRRAB	-6.540982	107.834607	https://www.google.com/maps/place/PT+VINFAST+AUTOMOBILE+INDONESIA+PLANT/data=!4m7!3m6!1s0x2e693b000d0c790f:0xd220a6df32997e4f!8m2!3d-6.5409822!4d107.8346119!16s%2Fg%2F11yj2wbtsx!19sChIJD3kMDQA7aS4RT36ZMt-mINI?authuser=0&hl=id&rclk=1	FR7V+2F, Wanasari, Kec. Cipunagara, Kabupaten Subang, Jawa Barat 41285		14/08/2026 10:43:58
Wiro Sableng	Kapan ya dealer vinfast ada di Kalsel Banjarmasin	4 bulan lalu	5 bintang	Ci9DQUlRQUNvZENodHljRjlvT25sdWFrOWpVVk5UTkVVMlUyRXdiblZQWjJOUlZIYxAB	-6.540982	107.834607	https://www.google.com/maps/place/PT+VINFAST+AUTOMOBILE+INDONESIA+PLANT/data=!4m7!3m6!1s0x2e693b000d0c790f:0xd220a6df32997e4f!8m2!3d-6.5409822!4d107.8346119!16s%2Fg%2F11yj2wbtsx!19sChIJD3kMDQA7aS4RT36ZMt-mINI?authuser=0&hl=id&rclk=1	FR7V+2F, Wanasari, Kec. Cipunagara, Kabupaten Subang, Jawa Barat 41285		14/08/2026 10:43:58
Cunel Cunel	Info loker nya dong	6 bulan lalu	5 bintang	Ci9DQUlRQUNvZENodHljRjlvT2t4ZmNqaHpWRk5HT0ZKNlFqSkNVVkJNUzJjM1IwRRAB	-6.540982	107.834607	https://www.google.com/maps/place/PT+VINFAST+AUTOMOBILE+INDONESIA+PLANT/data=!4m7!3m6!1s0x2e693b000d0c790f:0xd220a6df32997e4f!8m2!3d-6.5409822!4d107.8346119!16s%2Fg%2F11yj2wbtsx!19sChIJD3kMDQA7aS4RT36ZMt-mINI?authuser=0&hl=id&rclk=1	FR7V+2F, Wanasari, Kec. Cipunagara, Kabupaten Subang, Jawa Barat 41285		14/08/2026 10:43:58
Aif Saepudin	Minta link atau web nya dong	6 bulan lalu	5 bintang	Ci9DQUlRQUNvZENodHljRjlvT25FNVVGcEtaa3hPUlZGVVZHTlNhSFpGVkZWTGIzYxAB	-6.540982	107.834607	https://www.google.com/maps/place/PT+VINFAST+AUTOMOBILE+INDONESIA+PLANT/data=!4m7!3m6!1s0x2e693b000d0c790f:0xd220a6df32997e4f!8m2!3d-6.5409822!4d107.8346119!16s%2Fg%2F11yj2wbtsx!19sChIJD3kMDQA7aS4RT36ZMt-mINI?authuser=0&hl=id&rclk=1	FR7V+2F, Wanasari, Kec. Cipunagara, Kabupaten Subang, Jawa Barat 41285		14/08/2026 10:43:58
Sri Mulyani	Perusahaan yang luar biasa	3 bulan lalu	5 bintang	Ci9DQUlRQUNvZENodHljRjlvT2pSSkxYSlVaMFV4VEd0NFkwZFlhMDlUWmxaV1RHYxAB	-6.540982	107.834607	https://www.google.com/maps/place/PT+VINFAST+AUTOMOBILE+INDONESIA+PLANT/data=!4m7!3m6!1s0x2e693b000d0c790f:0xd220a6df32997e4f!8m2!3d-6.5409822!4d107.8346119!16s%2Fg%2F11yj2wbtsx!19sChIJD3kMDQA7aS4RT36ZMt-mINI?authuser=0&hl=id&rclk=1	FR7V+2F, Wanasari, Kec. Cipunagara, Kabupaten Subang, Jawa Barat 41285		14/08/2026 10:43:58
Fakhri Hibatulloh	Semoga rezeki disini	2 bulan lalu	5 bintang	Ci9DQUlRQUNvZENodHljRjlvT2tveWVHSm9WWGhRU1VacldIQnNPR3RQYUdrdFZtYxAB	-6.540982	107.834607	https://www.google.com/maps/place/PT+VINFAST+AUTOMOBILE+INDONESIA+PLANT/data=!4m7!3m6!1s0x2e693b000d0c790f:0xd220a6df32997e4f!8m2!3d-6.5409822!4d107.8346119!16s%2Fg%2F11yj2wbtsx!19sChIJD3kMDQA7aS4RT36ZMt-mINI?authuser=0&hl=id&rclk=1	FR7V+2F, Wanasari, Kec. Cipunagara, Kabupaten Subang, Jawa Barat 41285		14/08/2026 10:43:58
Achmad Kurniawan	Bismillah semoga ada rezeki di sini aamiin	9 bulan lalu	5 bintang	Ci9DQUlRQUNvZENodHljRjlvT2xnMVppMDVOMGxmTm1SVE5GcHJNVzEwVEhsak1IYxAB	-6.540982	107.834607	https://www.google.com/maps/place/PT+VINFAST+AUTOMOBILE+INDONESIA+PLANT/data=!4m7!3m6!1s0x2e693b000d0c790f:0xd220a6df32997e4f!8m2!3d-6.5409822!4d107.8346119!16s%2Fg%2F11yj2wbtsx!19sChIJD3kMDQA7aS4RT36ZMt-mINI?authuser=0&hl=id&rclk=1	FR7V+2F, Wanasari, Kec. Cipunagara, Kabupaten Subang, Jawa Barat 41285		14/08/2026 10:43:58
EPRI JHONO	Pabriknya Vinfast apa sdh berdiri ya..	8 bulan lalu	4 bintang	Ci9DQUlRQUNvZENodHljRjlvT2tOTmRuSlpSbGhrYlVsVE4xcEpSV2hSZGpsd1dIYxAB	-6.540982	107.834607	https://www.google.com/maps/place/PT+VINFAST+AUTOMOBILE+INDONESIA+PLANT/data=!4m7!3m6!1s0x2e693b000d0c790f:0xd220a6df32997e4f!8m2!3d-6.5409822!4d107.8346119!16s%2Fg%2F11yj2wbtsx!19sChIJD3kMDQA7aS4RT36ZMt-mINI?authuser=0&hl=id&rclk=1	FR7V+2F, Wanasari, Kec. Cipunagara, Kabupaten Subang, Jawa Barat 41285		14/08/2026 10:43:58
Uus Usnandar	Perusahaan besar automotif	9 bulan lalu	5 bintang	Ci9DQUlRQUNvZENodHljRjlvT21WUlUyYzFVelpxT0ZGS00zaHZXVmxuVTBST09GRRAB	-6.540982	107.834607	https://www.google.com/maps/place/PT+VINFAST+AUTOMOBILE+INDONESIA+PLANT/data=!4m7!3m6!1s0x2e693b000d0c790f:0xd220a6df32997e4f!8m2!3d-6.5409822!4d107.8346119!16s%2Fg%2F11yj2wbtsx!19sChIJD3kMDQA7aS4RT36ZMt-mINI?authuser=0&hl=id&rclk=1	FR7V+2F, Wanasari, Kec. Cipunagara, Kabupaten Subang, Jawa Barat 41285		14/08/2026 10:43:58
Kiki Kunaepi	Semoga rezeki disini🤲 …	9 bulan lalu	4 bintang	Ci9DQUlRQUNvZENodHljRjlvT2prNFJHNWhWelYyWkVaS2NrbHlSSFpETTBWSlNtYxAB	-6.540982	107.834607	https://www.google.com/maps/place/PT+VINFAST+AUTOMOBILE+INDONESIA+PLANT/data=!4m7!3m6!1s0x2e693b000d0c790f:0xd220a6df32997e4f!8m2!3d-6.5409822!4d107.8346119!16s%2Fg%2F11yj2wbtsx!19sChIJD3kMDQA7aS4RT36ZMt-mINI?authuser=0&hl=id&rclk=1	FR7V+2F, Wanasari, Kec. Cipunagara, Kabupaten Subang, Jawa Barat 41285		14/08/2026 10:43:58
Bagas Rosinante	Bismillah	6 bulan lalu	5 bintang	Ci9DQUlRQUNvZENodHljRjlvT2tGVlZtMTVWMVZtZG1OdmVYVlpUMlZzZFVsbldWRRAB	-6.540982	107.834607	https://www.google.com/maps/place/PT+VINFAST+AUTOMOBILE+INDONESIA+PLANT/data=!4m7!3m6!1s0x2e693b000d0c790f:0xd220a6df32997e4f!8m2!3d-6.5409822!4d107.8346119!16s%2Fg%2F11yj2wbtsx!19sChIJD3kMDQA7aS4RT36ZMt-mINI?authuser=0&hl=id&rclk=1	FR7V+2F, Wanasari, Kec. Cipunagara, Kabupaten Subang, Jawa Barat 41285		14/08/2026 10:43:58
Habibu Habibiazzaira	"TERUNTUK SATPAM YANG ADA DI JALAN BARU, YANG JAGA PADA KAMIS, 23 JULI 2026 JAM 17:40 JANGAN TEBANFG PILIH KALO MAU IKUTIN PERATURAN, KALO GAK BISA DI LALUI YA GAK BISA SEMUA, JANGAN DI SESUAIKAN SAMA WARNA HELM!!!!
PERATURAN KO DILANGGAR SENDIRI KOCAK🤣 …"	3 minggu lalu	5 bintang	Ci9DQUlRQUNvZENodHljRjlvT21FeWQxcDVkbmhIVWpoWFZqUTBXbGRuZFhWVGFHYxAB	-6.540982	107.834607	https://www.google.com/maps/place/PT+VINFAST+AUTOMOBILE+INDONESIA+PLANT/data=!4m7!3m6!1s0x2e693b000d0c790f:0xd220a6df32997e4f!8m2!3d-6.5409822!4d107.8346119!16s%2Fg%2F11yj2wbtsx!19sChIJD3kMDQA7aS4RT36ZMt-mINI?authuser=0&hl=id&rclk=1	FR7V+2F, Wanasari, Kec. Cipunagara, Kabupaten Subang, Jawa Barat 41285		14/08/2026 10:43:58
Berlinton Simanjuntak	Tempatnya strategis	3 bulan lalu	5 bintang	Ci9DQUlRQUNvZENodHljRjlvT25aV1JHVXdlVWxrZVdWbU9XOXFSamQ1TlZsdlZtYxAB	-6.540982	107.834607	https://www.google.com/maps/place/PT+VINFAST+AUTOMOBILE+INDONESIA+PLANT/data=!4m7!3m6!1s0x2e693b000d0c790f:0xd220a6df32997e4f!8m2!3d-6.5409822!4d107.8346119!16s%2Fg%2F11yj2wbtsx!19sChIJD3kMDQA7aS4RT36ZMt-mINI?authuser=0&hl=id&rclk=1	FR7V+2F, Wanasari, Kec. Cipunagara, Kabupaten Subang, Jawa Barat 41285		14/08/2026 10:43:58
Jiafui Hang	Apakah Anda membutuhkan terjemahan bahasa Mandarin-Inggris?	2 bulan lalu	5 bintang	Ci9DQUlRQUNvZENodHljRjlvT2tzNFZ6SlRNWGd3VDBNM1NYTmlYemxqWkZaaVNuYxAB	-6.540982	107.834607	https://www.google.com/maps/place/PT+VINFAST+AUTOMOBILE+INDONESIA+PLANT/data=!4m7!3m6!1s0x2e693b000d0c790f:0xd220a6df32997e4f!8m2!3d-6.5409822!4d107.8346119!16s%2Fg%2F11yj2wbtsx!19sChIJD3kMDQA7aS4RT36ZMt-mINI?authuser=0&hl=id&rclk=1	FR7V+2F, Wanasari, Kec. Cipunagara, Kabupaten Subang, Jawa Barat 41285		14/08/2026 10:43:58
heri sonjaya	Dukung proyek baru mobil listrik dari Vietnam	Diedit sebulan lalu	5 bintang	Ci9DQUlRQUNvZENodHljRjlvT2xad2VVaDFOVlJFY2pocGJrNUxTVko1VGxkcGNWRRAB	-6.540982	107.834607	https://www.google.com/maps/place/PT+VINFAST+AUTOMOBILE+INDONESIA+PLANT/data=!4m7!3m6!1s0x2e693b000d0c790f:0xd220a6df32997e4f!8m2!3d-6.5409822!4d107.8346119!16s%2Fg%2F11yj2wbtsx!19sChIJD3kMDQA7aS4RT36ZMt-mINI?authuser=0&hl=id&rclk=1	FR7V+2F, Wanasari, Kec. Cipunagara, Kabupaten Subang, Jawa Barat 41285		14/08/2026 10:43:58
Duc Nguyen	Dukung Vinfast 😉 …	7 bulan lalu	5 bintang	Ci9DQUlRQUNvZENodHljRjlvT25kNFlYVm1kbXRUU0hZNVVFcDVNemRtT0V0UlMyYxAB	-6.540982	107.834607	https://www.google.com/maps/place/PT+VINFAST+AUTOMOBILE+INDONESIA+PLANT/data=!4m7!3m6!1s0x2e693b000d0c790f:0xd220a6df32997e4f!8m2!3d-6.5409822!4d107.8346119!16s%2Fg%2F11yj2wbtsx!19sChIJD3kMDQA7aS4RT36ZMt-mINI?authuser=0&hl=id&rclk=1	FR7V+2F, Wanasari, Kec. Cipunagara, Kabupaten Subang, Jawa Barat 41285		14/08/2026 10:43:58
hendri vinfastbintaro	VINFAST GO	8 bulan lalu	5 bintang	Ci9DQUlRQUNvZENodHljRjlvT2xWbk5tSkdRa3RSWTBoMmEwVlRUVVpvY0hveE4yYxAB	-6.540982	107.834607	https://www.google.com/maps/place/PT+VINFAST+AUTOMOBILE+INDONESIA+PLANT/data=!4m7!3m6!1s0x2e693b000d0c790f:0xd220a6df32997e4f!8m2!3d-6.5409822!4d107.8346119!16s%2Fg%2F11yj2wbtsx!19sChIJD3kMDQA7aS4RT36ZMt-mINI?authuser=0&hl=id&rclk=1	FR7V+2F, Wanasari, Kec. Cipunagara, Kabupaten Subang, Jawa Barat 41285		14/08/2026 10:43:58
Đông Phan Quốc		2 minggu lalu	5 bintang	Ci9DQUlRQUNvZENodHljRjlvT2tkRWQxWmFUbUpDYW5NME1sOHdSbTFqYm1KTlVrRRAB	-6.540982	107.834607	https://www.google.com/maps/place/PT+VINFAST+AUTOMOBILE+INDONESIA+PLANT/data=!4m7!3m6!1s0x2e693b000d0c790f:0xd220a6df32997e4f!8m2!3d-6.5409822!4d107.8346119!16s%2Fg%2F11yj2wbtsx!19sChIJD3kMDQA7aS4RT36ZMt-mINI?authuser=0&hl=id&rclk=1	FR7V+2F, Wanasari, Kec. Cipunagara, Kabupaten Subang, Jawa Barat 41285		14/08/2026 10:43:58
nguyen anh		sebulan lalu	5 bintang	Ci9DQUlRQUNvZENodHljRjlvT2pkRmRWRldkMUZKWjAxMlVYZEpWMFo0TmtkMU9VRRAB	-6.540982	107.834607	https://www.google.com/maps/place/PT+VINFAST+AUTOMOBILE+INDONESIA+PLANT/data=!4m7!3m6!1s0x2e693b000d0c790f:0xd220a6df32997e4f!8m2!3d-6.5409822!4d107.8346119!16s%2Fg%2F11yj2wbtsx!19sChIJD3kMDQA7aS4RT36ZMt-mINI?authuser=0&hl=id&rclk=1	FR7V+2F, Wanasari, Kec. Cipunagara, Kabupaten Subang, Jawa Barat 41285		14/08/2026 10:43:58
Ahmad Sofian		2 bulan lalu	5 bintang	Ci9DQUlRQUNvZENodHljRjlvT2xNNVdFUkROVUZLV1VwT2IwbFdXbE5DV1dWbE5WRRAB	-6.540982	107.834607	https://www.google.com/maps/place/PT+VINFAST+AUTOMOBILE+INDONESIA+PLANT/data=!4m7!3m6!1s0x2e693b000d0c790f:0xd220a6df32997e4f!8m2!3d-6.5409822!4d107.8346119!16s%2Fg%2F11yj2wbtsx!19sChIJD3kMDQA7aS4RT36ZMt-mINI?authuser=0&hl=id&rclk=1	FR7V+2F, Wanasari, Kec. Cipunagara, Kabupaten Subang, Jawa Barat 41285		14/08/2026 10:43:58
Doni Siswantho		2 bulan lalu	5 bintang	Ci9DQUlRQUNvZENodHljRjlvT2pGSmVrOW1VM2h1T1VJMFdVSm9PSHByYUY5NVZsRRAB	-6.540982	107.834607	https://www.google.com/maps/place/PT+VINFAST+AUTOMOBILE+INDONESIA+PLANT/data=!4m7!3m6!1s0x2e693b000d0c790f:0xd220a6df32997e4f!8m2!3d-6.5409822!4d107.8346119!16s%2Fg%2F11yj2wbtsx!19sChIJD3kMDQA7aS4RT36ZMt-mINI?authuser=0&hl=id&rclk=1	FR7V+2F, Wanasari, Kec. Cipunagara, Kabupaten Subang, Jawa Barat 41285		14/08/2026 10:43:58
Andi Djunaedi		2 bulan lalu	5 bintang	Ci9DQUlRQUNvZENodHljRjlvT25CT2FYQmZhRzFoZGtaUFZGVk5TemhTVkVsNVdWRRAB	-6.540982	107.834607	https://www.google.com/maps/place/PT+VINFAST+AUTOMOBILE+INDONESIA+PLANT/data=!4m7!3m6!1s0x2e693b000d0c790f:0xd220a6df32997e4f!8m2!3d-6.5409822!4d107.8346119!16s%2Fg%2F11yj2wbtsx!19sChIJD3kMDQA7aS4RT36ZMt-mINI?authuser=0&hl=id&rclk=1	FR7V+2F, Wanasari, Kec. Cipunagara, Kabupaten Subang, Jawa Barat 41285		14/08/2026 10:43:58
Jamprong Suprianto		4 bulan lalu	5 bintang	Ci9DQUlRQUNvZENodHljRjlvT2sxRVNGSTFVa2szY2xOUk4zUm9lVE0wUms1RVdrRRAB	-6.540982	107.834607	https://www.google.com/maps/place/PT+VINFAST+AUTOMOBILE+INDONESIA+PLANT/data=!4m7!3m6!1s0x2e693b000d0c790f:0xd220a6df32997e4f!8m2!3d-6.5409822!4d107.8346119!16s%2Fg%2F11yj2wbtsx!19sChIJD3kMDQA7aS4RT36ZMt-mINI?authuser=0&hl=id&rclk=1	FR7V+2F, Wanasari, Kec. Cipunagara, Kabupaten Subang, Jawa Barat 41285		14/08/2026 10:43:58
Renaldy Dwi Purnama		4 bulan lalu	5 bintang	Ci9DQUlRQUNvZENodHljRjlvT2paa05VMTFVR1kzTFY5R1pFZ3hVVUUyTjNkT1EyYxAB	-6.540982	107.834607	https://www.google.com/maps/place/PT+VINFAST+AUTOMOBILE+INDONESIA+PLANT/data=!4m7!3m6!1s0x2e693b000d0c790f:0xd220a6df32997e4f!8m2!3d-6.5409822!4d107.8346119!16s%2Fg%2F11yj2wbtsx!19sChIJD3kMDQA7aS4RT36ZMt-mINI?authuser=0&hl=id&rclk=1	FR7V+2F, Wanasari, Kec. Cipunagara, Kabupaten Subang, Jawa Barat 41285		14/08/2026 10:43:58
Evi Tania		5 bulan lalu	5 bintang	Ci9DQUlRQUNvZENodHljRjlvT21OeU9HNTZSRkpLT0dsVWRWWnJWR1JVYlhjM01sRRAB	-6.540982	107.834607	https://www.google.com/maps/place/PT+VINFAST+AUTOMOBILE+INDONESIA+PLANT/data=!4m7!3m6!1s0x2e693b000d0c790f:0xd220a6df32997e4f!8m2!3d-6.5409822!4d107.8346119!16s%2Fg%2F11yj2wbtsx!19sChIJD3kMDQA7aS4RT36ZMt-mINI?authuser=0&hl=id&rclk=1	FR7V+2F, Wanasari, Kec. Cipunagara, Kabupaten Subang, Jawa Barat 41285		14/08/2026 10:43:58
Yosi Vaselia		5 bulan lalu	4 bintang	Ci9DQUlRQUNvZENodHljRjlvT2tGYVIySkZPRzV0TWxscVNGRm1RWGc1V1ZSc2RsRRAB	-6.540982	107.834607	https://www.google.com/maps/place/PT+VINFAST+AUTOMOBILE+INDONESIA+PLANT/data=!4m7!3m6!1s0x2e693b000d0c790f:0xd220a6df32997e4f!8m2!3d-6.5409822!4d107.8346119!16s%2Fg%2F11yj2wbtsx!19sChIJD3kMDQA7aS4RT36ZMt-mINI?authuser=0&hl=id&rclk=1	FR7V+2F, Wanasari, Kec. Cipunagara, Kabupaten Subang, Jawa Barat 41285		14/08/2026 10:43:58
Jajang Nurdin		5 bulan lalu	5 bintang	Ci9DQUlRQUNvZENodHljRjlvT21KcGFFeHRRM1ZqVjJkTVJHeElNbmRmWW10NFZFRRAB	-6.540982	107.834607	https://www.google.com/maps/place/PT+VINFAST+AUTOMOBILE+INDONESIA+PLANT/data=!4m7!3m6!1s0x2e693b000d0c790f:0xd220a6df32997e4f!8m2!3d-6.5409822!4d107.8346119!16s%2Fg%2F11yj2wbtsx!19sChIJD3kMDQA7aS4RT36ZMt-mINI?authuser=0&hl=id&rclk=1	FR7V+2F, Wanasari, Kec. Cipunagara, Kabupaten Subang, Jawa Barat 41285		14/08/2026 10:43:58
Arif Sofian		7 bulan lalu	5 bintang	Ci9DQUlRQUNvZENodHljRjlvT21kWlNWQTFUbGRFVlZOb2RrVTBValEzT1UxaGNFRRAB	-6.540982	107.834607	https://www.google.com/maps/place/PT+VINFAST+AUTOMOBILE+INDONESIA+PLANT/data=!4m7!3m6!1s0x2e693b000d0c790f:0xd220a6df32997e4f!8m2!3d-6.5409822!4d107.8346119!16s%2Fg%2F11yj2wbtsx!19sChIJD3kMDQA7aS4RT36ZMt-mINI?authuser=0&hl=id&rclk=1	FR7V+2F, Wanasari, Kec. Cipunagara, Kabupaten Subang, Jawa Barat 41285		14/08/2026 10:43:58
Ferdiansyah Irawan		8 bulan lalu	5 bintang	Ci9DQUlRQUNvZENodHljRjlvT2kxVWEzQkdZMlZ1WXpFeE5uTlZVa3BsVkdkNldVRRAB	-6.540982	107.834607	https://www.google.com/maps/place/PT+VINFAST+AUTOMOBILE+INDONESIA+PLANT/data=!4m7!3m6!1s0x2e693b000d0c790f:0xd220a6df32997e4f!8m2!3d-6.5409822!4d107.8346119!16s%2Fg%2F11yj2wbtsx!19sChIJD3kMDQA7aS4RT36ZMt-mINI?authuser=0&hl=id&rclk=1	FR7V+2F, Wanasari, Kec. Cipunagara, Kabupaten Subang, Jawa Barat 41285		14/08/2026 10:43:58
arini Anggraeni		8 bulan lalu	5 bintang	Ci9DQUlRQUNvZENodHljRjlvT21weWFVeHFSazgxVG1GTVVFeGhZbmh2UTFwb1NuYxAB	-6.540982	107.834607	https://www.google.com/maps/place/PT+VINFAST+AUTOMOBILE+INDONESIA+PLANT/data=!4m7!3m6!1s0x2e693b000d0c790f:0xd220a6df32997e4f!8m2!3d-6.5409822!4d107.8346119!16s%2Fg%2F11yj2wbtsx!19sChIJD3kMDQA7aS4RT36ZMt-mINI?authuser=0&hl=id&rclk=1	FR7V+2F, Wanasari, Kec. Cipunagara, Kabupaten Subang, Jawa Barat 41285		14/08/2026 10:43:58
Hendriawan Maulana		9 bulan lalu	5 bintang	Ci9DQUlRQUNvZENodHljRjlvT2tOS2N6VlBla1ZyVFd4MmNHSTFibG8zWTE5NFlYYxAB	-6.540982	107.834607	https://www.google.com/maps/place/PT+VINFAST+AUTOMOBILE+INDONESIA+PLANT/data=!4m7!3m6!1s0x2e693b000d0c790f:0xd220a6df32997e4f!8m2!3d-6.5409822!4d107.8346119!16s%2Fg%2F11yj2wbtsx!19sChIJD3kMDQA7aS4RT36ZMt-mINI?authuser=0&hl=id&rclk=1	FR7V+2F, Wanasari, Kec. Cipunagara, Kabupaten Subang, Jawa Barat 41285		14/08/2026 10:43:58
Irman Maulana		9 bulan lalu	5 bintang	Ci9DQUlRQUNvZENodHljRjlvT21aUGQzcHdZVTFZWVVWdGQzQkhkVWxYVjFVMmNWRRAB	-6.540982	107.834607	https://www.google.com/maps/place/PT+VINFAST+AUTOMOBILE+INDONESIA+PLANT/data=!4m7!3m6!1s0x2e693b000d0c790f:0xd220a6df32997e4f!8m2!3d-6.5409822!4d107.8346119!16s%2Fg%2F11yj2wbtsx!19sChIJD3kMDQA7aS4RT36ZMt-mINI?authuser=0&hl=id&rclk=1	FR7V+2F, Wanasari, Kec. Cipunagara, Kabupaten Subang, Jawa Barat 41285		14/08/2026 10:43:58
the owner4sukses		9 bulan lalu	5 bintang	Ci9DQUlRQUNvZENodHljRjlvT2kxNWVUVlBXVFZNVFRRNFYxQnZWRE5WYkdaQk5XYxAB	-6.540982	107.834607	https://www.google.com/maps/place/PT+VINFAST+AUTOMOBILE+INDONESIA+PLANT/data=!4m7!3m6!1s0x2e693b000d0c790f:0xd220a6df32997e4f!8m2!3d-6.5409822!4d107.8346119!16s%2Fg%2F11yj2wbtsx!19sChIJD3kMDQA7aS4RT36ZMt-mINI?authuser=0&hl=id&rclk=1	FR7V+2F, Wanasari, Kec. Cipunagara, Kabupaten Subang, Jawa Barat 41285		14/08/2026 10:43:58
DZULKIFLI, as.		10 bulan lalu	5 bintang	Ci9DQUlRQUNvZENodHljRjlvT25CdkxVaEpVemxXZDJoSFdEYzBkblF6T0c1aVNIYxAB	-6.540982	107.834607	https://www.google.com/maps/place/PT+VINFAST+AUTOMOBILE+INDONESIA+PLANT/data=!4m7!3m6!1s0x2e693b000d0c790f:0xd220a6df32997e4f!8m2!3d-6.5409822!4d107.8346119!16s%2Fg%2F11yj2wbtsx!19sChIJD3kMDQA7aS4RT36ZMt-mINI?authuser=0&hl=id&rclk=1	FR7V+2F, Wanasari, Kec. Cipunagara, Kabupaten Subang, Jawa Barat 41285		14/08/2026 10:43:58
Rahman 0301		10 bulan lalu	5 bintang	Ci9DQUlRQUNvZENodHljRjlvT2t0b1dqRjJiazkwY0ROWVJrdzBUVTF2TFVONGJFRRAB	-6.540982	107.834607	https://www.google.com/maps/place/PT+VINFAST+AUTOMOBILE+INDONESIA+PLANT/data=!4m7!3m6!1s0x2e693b000d0c790f:0xd220a6df32997e4f!8m2!3d-6.5409822!4d107.8346119!16s%2Fg%2F11yj2wbtsx!19sChIJD3kMDQA7aS4RT36ZMt-mINI?authuser=0&hl=id&rclk=1	FR7V+2F, Wanasari, Kec. Cipunagara, Kabupaten Subang, Jawa Barat 41285		14/08/2026 10:43:58
MT June		10 bulan lalu	5 bintang	Ci9DQUlRQUNvZENodHljRjlvT25SMVNUYzJYMlkzTjIxR2RUUjVNa1l0Y21KMGRWRRAB	-6.540982	107.834607	https://www.google.com/maps/place/PT+VINFAST+AUTOMOBILE+INDONESIA+PLANT/data=!4m7!3m6!1s0x2e693b000d0c790f:0xd220a6df32997e4f!8m2!3d-6.5409822!4d107.8346119!16s%2Fg%2F11yj2wbtsx!19sChIJD3kMDQA7aS4RT36ZMt-mINI?authuser=0&hl=id&rclk=1	FR7V+2F, Wanasari, Kec. Cipunagara, Kabupaten Subang, Jawa Barat 41285		14/08/2026 10:43:58
A NUGRAHA		11 bulan lalu	5 bintang	Ci9DQUlRQUNvZENodHljRjlvT2pNemNWRldhWGhNVVdkRGJIaDZTR2hOWWtGS1VGRRAB	-6.540982	107.834607	https://www.google.com/maps/place/PT+VINFAST+AUTOMOBILE+INDONESIA+PLANT/data=!4m7!3m6!1s0x2e693b000d0c790f:0xd220a6df32997e4f!8m2!3d-6.5409822!4d107.8346119!16s%2Fg%2F11yj2wbtsx!19sChIJD3kMDQA7aS4RT36ZMt-mINI?authuser=0&hl=id&rclk=1	FR7V+2F, Wanasari, Kec. Cipunagara, Kabupaten Subang, Jawa Barat 41285		14/08/2026 10:43:58
Rudi Hariyanto	"Mobil listrik ternyaman
dan harganya oke banget nih
setelah test drive jadi langsung gak pake lama booking fee …"	setahun lalu	5 bintang	ChZDSUhNMG9nS0VJQ0FnSUR2aXZhSFpREAE	-6.086098	106.733823	https://www.google.com/maps/place/Vinfast+PIK+Pantai+Indah+Kapuk/data=!4m7!3m6!1s0x2e6a1d1363e778cf:0x86f3fcbe16fe1845!8m2!3d-6.0860982!4d106.7338286!16s%2Fg%2F11vrr9fw4z!19sChIJz3jnYxMdai4RRRj-Fr7884Y?authuser=0&hl=id&rclk=1	Soho Ebony, Jl. Laksamana Yos Sudarso Pantai Indah Kapuk PIK Blok A 15 & 16, Kamal Muara, Kecamatan Penjaringan, Jkt Utara, Daerah Khusus Ibukota Jakarta 14470	dealervinfastjakarta.com	14/08/2026 10:45:50
Boyke Ritonga	Pelayanan oke yaa, Terimakasih Ko Fandi dan Tim nya, mobil nya dari proses sampai penyerahan pelayanan nya oke banget, sukses selalu 👍 …	3 bulan lalu	5 bintang	Ci9DQUlRQUNvZENodHljRjlvT2t4dk1XUkZlRVIwZGxvMFRXUTNlbkZRU0RVNE9WRRAB	-6.086098	106.733823	https://www.google.com/maps/place/Vinfast+PIK+Pantai+Indah+Kapuk/data=!4m7!3m6!1s0x2e6a1d1363e778cf:0x86f3fcbe16fe1845!8m2!3d-6.0860982!4d106.7338286!16s%2Fg%2F11vrr9fw4z!19sChIJz3jnYxMdai4RRRj-Fr7884Y?authuser=0&hl=id&rclk=1	Soho Ebony, Jl. Laksamana Yos Sudarso Pantai Indah Kapuk PIK Blok A 15 & 16, Kamal Muara, Kecamatan Penjaringan, Jkt Utara, Daerah Khusus Ibukota Jakarta 14470	dealervinfastjakarta.com	14/08/2026 10:45:50
Radya Valentino	gile keren banget pelayanan terbaik dari dealer vinfast pantai indah kapuk, yang mau test drive bisa dateng ke sini pelayanan terbaik	setahun lalu	5 bintang	ChZDSUhNMG9nS0VJQ0FnSUR2ejRuS0NnEAE	-6.086098	106.733823	https://www.google.com/maps/place/Vinfast+PIK+Pantai+Indah+Kapuk/data=!4m7!3m6!1s0x2e6a1d1363e778cf:0x86f3fcbe16fe1845!8m2!3d-6.0860982!4d106.7338286!16s%2Fg%2F11vrr9fw4z!19sChIJz3jnYxMdai4RRRj-Fr7884Y?authuser=0&hl=id&rclk=1	Soho Ebony, Jl. Laksamana Yos Sudarso Pantai Indah Kapuk PIK Blok A 15 & 16, Kamal Muara, Kecamatan Penjaringan, Jkt Utara, Daerah Khusus Ibukota Jakarta 14470	dealervinfastjakarta.com	14/08/2026 10:45:50
rio acong	After sales nya top markotop👍🏻, saya sempat delay arrival tetap dilayani sepenuh hati sampai dengan selesai, sukses terus & jaga mutu pelayanannya yaa 🙏🏻 …	setahun lalu	5 bintang	ChZDSUhNMG9nS0VJQ0FnSUNmM3ZLTlZ3EAE	-6.086098	106.733823	https://www.google.com/maps/place/Vinfast+PIK+Pantai+Indah+Kapuk/data=!4m7!3m6!1s0x2e6a1d1363e778cf:0x86f3fcbe16fe1845!8m2!3d-6.0860982!4d106.7338286!16s%2Fg%2F11vrr9fw4z!19sChIJz3jnYxMdai4RRRj-Fr7884Y?authuser=0&hl=id&rclk=1	Soho Ebony, Jl. Laksamana Yos Sudarso Pantai Indah Kapuk PIK Blok A 15 & 16, Kamal Muara, Kecamatan Penjaringan, Jkt Utara, Daerah Khusus Ibukota Jakarta 14470	dealervinfastjakarta.com	14/08/2026 10:45:50
fuji yama tan	"L 1218 PRM

BRAKE SENSOR AKTIF KETIKA JALAN !!!!!!! …"	setahun lalu	1 bintang	ChZDSUhNMG9nS0VQV3NsX0duaGZTUmVBEAE	-6.086098	106.733823	https://www.google.com/maps/place/Vinfast+PIK+Pantai+Indah+Kapuk/data=!4m7!3m6!1s0x2e6a1d1363e778cf:0x86f3fcbe16fe1845!8m2!3d-6.0860982!4d106.7338286!16s%2Fg%2F11vrr9fw4z!19sChIJz3jnYxMdai4RRRj-Fr7884Y?authuser=0&hl=id&rclk=1	Soho Ebony, Jl. Laksamana Yos Sudarso Pantai Indah Kapuk PIK Blok A 15 & 16, Kamal Muara, Kecamatan Penjaringan, Jkt Utara, Daerah Khusus Ibukota Jakarta 14470	dealervinfastjakarta.com	14/08/2026 10:45:50
Anggita Dwi Saputri	"akhirnya keluar juga ni mobil listrik VF3 stir kanan lho denger"" di lounching d iims kemahoran februari 2025,
Terima kasih Vinfast Pantai Indah kapuk"	setahun lalu	5 bintang	ChdDSUhNMG9nS0VJQ0FnSURmdVo2NzBRRRAB	-6.086098	106.733823	https://www.google.com/maps/place/Vinfast+PIK+Pantai+Indah+Kapuk/data=!4m7!3m6!1s0x2e6a1d1363e778cf:0x86f3fcbe16fe1845!8m2!3d-6.0860982!4d106.7338286!16s%2Fg%2F11vrr9fw4z!19sChIJz3jnYxMdai4RRRj-Fr7884Y?authuser=0&hl=id&rclk=1	Soho Ebony, Jl. Laksamana Yos Sudarso Pantai Indah Kapuk PIK Blok A 15 & 16, Kamal Muara, Kecamatan Penjaringan, Jkt Utara, Daerah Khusus Ibukota Jakarta 14470	dealervinfastjakarta.com	14/08/2026 10:45:50
Ajie Yuniantoro	Pelayanan dari staff Dan para marketingnya disini sangat  baik..tetap dilayani dengan sabar walau baru sekedar cari2 informasi tentang Mobil listrik asal Vietnam ini..sangat memuaskan lah pelayanannya..	setahun lalu	5 bintang	ChZDSUhNMG9nS0VJQ0FnSUN2aVk3VVR3EAE	-6.086098	106.733823	https://www.google.com/maps/place/Vinfast+PIK+Pantai+Indah+Kapuk/data=!4m7!3m6!1s0x2e6a1d1363e778cf:0x86f3fcbe16fe1845!8m2!3d-6.0860982!4d106.7338286!16s%2Fg%2F11vrr9fw4z!19sChIJz3jnYxMdai4RRRj-Fr7884Y?authuser=0&hl=id&rclk=1	Soho Ebony, Jl. Laksamana Yos Sudarso Pantai Indah Kapuk PIK Blok A 15 & 16, Kamal Muara, Kecamatan Penjaringan, Jkt Utara, Daerah Khusus Ibukota Jakarta 14470	dealervinfastjakarta.com	14/08/2026 10:45:50
Dede Maulana Yusuf	Terima kasih VinFast PIK , akhirnya mobil saya sampai juga , pelayanan terbaik , fast respon sampai delivery , thank you sekali lagi , yang mau beli mobil VinFast beli nya harus di VinFast PIK , saya jamin tidak akan mengecewakan	setahun lalu	5 bintang	ChZDSUhNMG9nS0VJQ0FnSUN2aVpERkJnEAE	-6.086098	106.733823	https://www.google.com/maps/place/Vinfast+PIK+Pantai+Indah+Kapuk/data=!4m7!3m6!1s0x2e6a1d1363e778cf:0x86f3fcbe16fe1845!8m2!3d-6.0860982!4d106.7338286!16s%2Fg%2F11vrr9fw4z!19sChIJz3jnYxMdai4RRRj-Fr7884Y?authuser=0&hl=id&rclk=1	Soho Ebony, Jl. Laksamana Yos Sudarso Pantai Indah Kapuk PIK Blok A 15 & 16, Kamal Muara, Kecamatan Penjaringan, Jkt Utara, Daerah Khusus Ibukota Jakarta 14470	dealervinfastjakarta.com	14/08/2026 10:45:50
Bunga Simanungkalit	"Akhirnya sampai juga Mobil listrik harga terbaik dan sangat ekonomis, ada pilihan sewa battery juga , pelayanan memuaskan
Terima kasih Vinfast Pantai Indah Kapuk"	setahun lalu	5 bintang	ChZDSUhNMG9nS0VJQ0FnSUN2OGRlOVlnEAE	-6.086098	106.733823	https://www.google.com/maps/place/Vinfast+PIK+Pantai+Indah+Kapuk/data=!4m7!3m6!1s0x2e6a1d1363e778cf:0x86f3fcbe16fe1845!8m2!3d-6.0860982!4d106.7338286!16s%2Fg%2F11vrr9fw4z!19sChIJz3jnYxMdai4RRRj-Fr7884Y?authuser=0&hl=id&rclk=1	Soho Ebony, Jl. Laksamana Yos Sudarso Pantai Indah Kapuk PIK Blok A 15 & 16, Kamal Muara, Kecamatan Penjaringan, Jkt Utara, Daerah Khusus Ibukota Jakarta 14470	dealervinfastjakarta.com	14/08/2026 10:45:50
Jonathan Hans	Semua sales berpengetahuan baik tentang mobil listrik, sangat helpful, ada unit test drive VF5 dan VFE34 juga, saya dilayani dengan baik disini.	setahun lalu	5 bintang	ChdDSUhNMG9nS0VJQ0FnSUN2enR1Q25BRRAB	-6.086098	106.733823	https://www.google.com/maps/place/Vinfast+PIK+Pantai+Indah+Kapuk/data=!4m7!3m6!1s0x2e6a1d1363e778cf:0x86f3fcbe16fe1845!8m2!3d-6.0860982!4d106.7338286!16s%2Fg%2F11vrr9fw4z!19sChIJz3jnYxMdai4RRRj-Fr7884Y?authuser=0&hl=id&rclk=1	Soho Ebony, Jl. Laksamana Yos Sudarso Pantai Indah Kapuk PIK Blok A 15 & 16, Kamal Muara, Kecamatan Penjaringan, Jkt Utara, Daerah Khusus Ibukota Jakarta 14470	dealervinfastjakarta.com	14/08/2026 10:45:50
ida bagus sumantri	"Akhirnya mobil impian sudah mendarat aman di rumah, Terima Kasih VinFast PIk

Lokasi Strategis, Pelayanan Ramah dan informatif, terutama Ko Fandy …"	setahun lalu	5 bintang	ChZDSUhNMG9nS0VJQ0FnSUNmeE5UQ0h3EAE	-6.086098	106.733823	https://www.google.com/maps/place/Vinfast+PIK+Pantai+Indah+Kapuk/data=!4m7!3m6!1s0x2e6a1d1363e778cf:0x86f3fcbe16fe1845!8m2!3d-6.0860982!4d106.7338286!16s%2Fg%2F11vrr9fw4z!19sChIJz3jnYxMdai4RRRj-Fr7884Y?authuser=0&hl=id&rclk=1	Soho Ebony, Jl. Laksamana Yos Sudarso Pantai Indah Kapuk PIK Blok A 15 & 16, Kamal Muara, Kecamatan Penjaringan, Jkt Utara, Daerah Khusus Ibukota Jakarta 14470	dealervinfastjakarta.com	14/08/2026 10:45:50
SUGIANTO NURIDAH	"Test drive mobil listrik Vietnam Vinfast namanya, nyaman banget, bebas ganjil genap, akhinya pilih mobil listik vinfast, kenyamanan juga mantap banget
Terima Kasih Delaer Mobil listrik Vinfast Pantai Indah Kapuk PIK"	setahun lalu	5 bintang	ChZDSUhNMG9nS0VJQ0FnSUNmeTZ2elV3EAE	-6.086098	106.733823	https://www.google.com/maps/place/Vinfast+PIK+Pantai+Indah+Kapuk/data=!4m7!3m6!1s0x2e6a1d1363e778cf:0x86f3fcbe16fe1845!8m2!3d-6.0860982!4d106.7338286!16s%2Fg%2F11vrr9fw4z!19sChIJz3jnYxMdai4RRRj-Fr7884Y?authuser=0&hl=id&rclk=1	Soho Ebony, Jl. Laksamana Yos Sudarso Pantai Indah Kapuk PIK Blok A 15 & 16, Kamal Muara, Kecamatan Penjaringan, Jkt Utara, Daerah Khusus Ibukota Jakarta 14470	dealervinfastjakarta.com	14/08/2026 10:45:50
Ryan	"Pelayanan Terbaik dari dealer Mobil Listrik Vinfast PIK Jakarta utara
habis test drive mobil listrik
langsung booooking gak pake lama
nayaman banget mobilnya"	setahun lalu	5 bintang	ChdDSUhNMG9nS0VJQ0FnSURmbmJIcjNRRRAB	-6.086098	106.733823	https://www.google.com/maps/place/Vinfast+PIK+Pantai+Indah+Kapuk/data=!4m7!3m6!1s0x2e6a1d1363e778cf:0x86f3fcbe16fe1845!8m2!3d-6.0860982!4d106.7338286!16s%2Fg%2F11vrr9fw4z!19sChIJz3jnYxMdai4RRRj-Fr7884Y?authuser=0&hl=id&rclk=1	Soho Ebony, Jl. Laksamana Yos Sudarso Pantai Indah Kapuk PIK Blok A 15 & 16, Kamal Muara, Kecamatan Penjaringan, Jkt Utara, Daerah Khusus Ibukota Jakarta 14470	dealervinfastjakarta.com	14/08/2026 10:45:50
Siapa Dare	"Mantap ni setelah test drive di Vinfast Pantai Indah Kapuk
gak pake lama kita booking aja nich Vinfast VF5 dengan sistem sewa battery"	setahun lalu	5 bintang	ChZDSUhNMG9nS0VJQ0FnSUNfcUliOE13EAE	-6.086098	106.733823	https://www.google.com/maps/place/Vinfast+PIK+Pantai+Indah+Kapuk/data=!4m7!3m6!1s0x2e6a1d1363e778cf:0x86f3fcbe16fe1845!8m2!3d-6.0860982!4d106.7338286!16s%2Fg%2F11vrr9fw4z!19sChIJz3jnYxMdai4RRRj-Fr7884Y?authuser=0&hl=id&rclk=1	Soho Ebony, Jl. Laksamana Yos Sudarso Pantai Indah Kapuk PIK Blok A 15 & 16, Kamal Muara, Kecamatan Penjaringan, Jkt Utara, Daerah Khusus Ibukota Jakarta 14470	dealervinfastjakarta.com	14/08/2026 10:45:50
Dwi Nortanto	gak pake lama langsung booking Mobil listrik Vinfast di Vinfast PIK Pantai indah kapuk, harga mobil listriknya murah banget, pelayanan juga baik dari sales mobil vinfast nya	setahun lalu	5 bintang	ChZDSUhNMG9nS0VJQ0FnSUNmZ09hUE53EAE	-6.086098	106.733823	https://www.google.com/maps/place/Vinfast+PIK+Pantai+Indah+Kapuk/data=!4m7!3m6!1s0x2e6a1d1363e778cf:0x86f3fcbe16fe1845!8m2!3d-6.0860982!4d106.7338286!16s%2Fg%2F11vrr9fw4z!19sChIJz3jnYxMdai4RRRj-Fr7884Y?authuser=0&hl=id&rclk=1	Soho Ebony, Jl. Laksamana Yos Sudarso Pantai Indah Kapuk PIK Blok A 15 & 16, Kamal Muara, Kecamatan Penjaringan, Jkt Utara, Daerah Khusus Ibukota Jakarta 14470	dealervinfastjakarta.com	14/08/2026 10:45:50
Kelvin A	Kemarin kesini, seluruh Staff dan salesnya baik hati, best experience with car dealer ever!	setahun lalu	5 bintang	ChdDSUhNMG9nS0VJQ0FnSUN2enZ2US1RRRAB	-6.086098	106.733823	https://www.google.com/maps/place/Vinfast+PIK+Pantai+Indah+Kapuk/data=!4m7!3m6!1s0x2e6a1d1363e778cf:0x86f3fcbe16fe1845!8m2!3d-6.0860982!4d106.7338286!16s%2Fg%2F11vrr9fw4z!19sChIJz3jnYxMdai4RRRj-Fr7884Y?authuser=0&hl=id&rclk=1	Soho Ebony, Jl. Laksamana Yos Sudarso Pantai Indah Kapuk PIK Blok A 15 & 16, Kamal Muara, Kecamatan Penjaringan, Jkt Utara, Daerah Khusus Ibukota Jakarta 14470	dealervinfastjakarta.com	14/08/2026 10:45:50
Jovin Andreane	"Akhirnya bisa punya vinfast vf5
mobil listrik paling mantap, edukasinya juga baik jadi bebas kwatir dech pakai mobil listrik
terima Kasih Vinfast PIK"	Diedit setahun lalu	5 bintang	ChdDSUhNMG9nS0VJQ0FnSUN2aWNiTGp3RRAB	-6.086098	106.733823	https://www.google.com/maps/place/Vinfast+PIK+Pantai+Indah+Kapuk/data=!4m7!3m6!1s0x2e6a1d1363e778cf:0x86f3fcbe16fe1845!8m2!3d-6.0860982!4d106.7338286!16s%2Fg%2F11vrr9fw4z!19sChIJz3jnYxMdai4RRRj-Fr7884Y?authuser=0&hl=id&rclk=1	Soho Ebony, Jl. Laksamana Yos Sudarso Pantai Indah Kapuk PIK Blok A 15 & 16, Kamal Muara, Kecamatan Penjaringan, Jkt Utara, Daerah Khusus Ibukota Jakarta 14470	dealervinfastjakarta.com	14/08/2026 10:45:50
pebrian firlandi	Wah suprise bgt VINFAST PIK , beli mobil di kasih bonus air minum Cleo , mantap pelayanan terbaik !!!	setahun lalu	5 bintang	ChdDSUhNMG9nS0VJQ0FnSUN2aWVqRnZRRRAB	-6.086098	106.733823	https://www.google.com/maps/place/Vinfast+PIK+Pantai+Indah+Kapuk/data=!4m7!3m6!1s0x2e6a1d1363e778cf:0x86f3fcbe16fe1845!8m2!3d-6.0860982!4d106.7338286!16s%2Fg%2F11vrr9fw4z!19sChIJz3jnYxMdai4RRRj-Fr7884Y?authuser=0&hl=id&rclk=1	Soho Ebony, Jl. Laksamana Yos Sudarso Pantai Indah Kapuk PIK Blok A 15 & 16, Kamal Muara, Kecamatan Penjaringan, Jkt Utara, Daerah Khusus Ibukota Jakarta 14470	dealervinfastjakarta.com	14/08/2026 10:45:50
Julian CT	"Terima kasih Showroom Mobil Listrik pantai indah kapuk
mendarat sudah Vinfast VFe34 mobil listrik ternyaman dan harga ekonomis"	setahun lalu	5 bintang	ChZDSUhNMG9nS0VJQ0FnSUNmeThQaGV3EAE	-6.086098	106.733823	https://www.google.com/maps/place/Vinfast+PIK+Pantai+Indah+Kapuk/data=!4m7!3m6!1s0x2e6a1d1363e778cf:0x86f3fcbe16fe1845!8m2!3d-6.0860982!4d106.7338286!16s%2Fg%2F11vrr9fw4z!19sChIJz3jnYxMdai4RRRj-Fr7884Y?authuser=0&hl=id&rclk=1	Soho Ebony, Jl. Laksamana Yos Sudarso Pantai Indah Kapuk PIK Blok A 15 & 16, Kamal Muara, Kecamatan Penjaringan, Jkt Utara, Daerah Khusus Ibukota Jakarta 14470	dealervinfastjakarta.com	14/08/2026 10:45:50
Hendrik Martila	Terima kasih untuk dealer mobil listrik vinfast pantai indah kapuk pik jakarta utara, pelayanan terbaik	setahun lalu	5 bintang	ChdDSUhNMG9nS0VJQ0FnSUR2cjRIWWpBRRAB	-6.086098	106.733823	https://www.google.com/maps/place/Vinfast+PIK+Pantai+Indah+Kapuk/data=!4m7!3m6!1s0x2e6a1d1363e778cf:0x86f3fcbe16fe1845!8m2!3d-6.0860982!4d106.7338286!16s%2Fg%2F11vrr9fw4z!19sChIJz3jnYxMdai4RRRj-Fr7884Y?authuser=0&hl=id&rclk=1	Soho Ebony, Jl. Laksamana Yos Sudarso Pantai Indah Kapuk PIK Blok A 15 & 16, Kamal Muara, Kecamatan Penjaringan, Jkt Utara, Daerah Khusus Ibukota Jakarta 14470	dealervinfastjakarta.com	14/08/2026 10:45:50
Stephanus Bernadus	Dealernya bagus, nyaman, fast response. Unit ready, pelayanan sales baik.	setahun lalu	5 bintang	ChdDSUhNMG9nS0VJQ0FnSUR2OU5TRnNnRRAB	-6.086098	106.733823	https://www.google.com/maps/place/Vinfast+PIK+Pantai+Indah+Kapuk/data=!4m7!3m6!1s0x2e6a1d1363e778cf:0x86f3fcbe16fe1845!8m2!3d-6.0860982!4d106.7338286!16s%2Fg%2F11vrr9fw4z!19sChIJz3jnYxMdai4RRRj-Fr7884Y?authuser=0&hl=id&rclk=1	Soho Ebony, Jl. Laksamana Yos Sudarso Pantai Indah Kapuk PIK Blok A 15 & 16, Kamal Muara, Kecamatan Penjaringan, Jkt Utara, Daerah Khusus Ibukota Jakarta 14470	dealervinfastjakarta.com	14/08/2026 10:45:50
Syifa	"keren banget mobilnya
harga mobil listrik paling ekonomis
terima kasih Vinfast PIK top markotop"	setahun lalu	5 bintang	ChdDSUhNMG9nS0VJQ0FnSUN2N3NIVHRBRRAB	-6.086098	106.733823	https://www.google.com/maps/place/Vinfast+PIK+Pantai+Indah+Kapuk/data=!4m7!3m6!1s0x2e6a1d1363e778cf:0x86f3fcbe16fe1845!8m2!3d-6.0860982!4d106.7338286!16s%2Fg%2F11vrr9fw4z!19sChIJz3jnYxMdai4RRRj-Fr7884Y?authuser=0&hl=id&rclk=1	Soho Ebony, Jl. Laksamana Yos Sudarso Pantai Indah Kapuk PIK Blok A 15 & 16, Kamal Muara, Kecamatan Penjaringan, Jkt Utara, Daerah Khusus Ibukota Jakarta 14470	dealervinfastjakarta.com	14/08/2026 10:45:50
Nita Alvio	Recomend untuk yg lagi cari mobil listrik,, showroom nya bagus dan para. Seles nya ramah, thanks	Diedit setahun lalu	5 bintang	ChZDSUhNMG9nS0VJQ0FnSUN2cllUeVVBEAE	-6.086098	106.733823	https://www.google.com/maps/place/Vinfast+PIK+Pantai+Indah+Kapuk/data=!4m7!3m6!1s0x2e6a1d1363e778cf:0x86f3fcbe16fe1845!8m2!3d-6.0860982!4d106.7338286!16s%2Fg%2F11vrr9fw4z!19sChIJz3jnYxMdai4RRRj-Fr7884Y?authuser=0&hl=id&rclk=1	Soho Ebony, Jl. Laksamana Yos Sudarso Pantai Indah Kapuk PIK Blok A 15 & 16, Kamal Muara, Kecamatan Penjaringan, Jkt Utara, Daerah Khusus Ibukota Jakarta 14470	dealervinfastjakarta.com	14/08/2026 10:45:50
Luthfi Gustafianto	Terima kasih Vinfast Pantai Indah Kapuk akhirnya mobil listrik idaman sampai juga, mobil 218 jt ternyaman dan terbaik	setahun lalu	5 bintang	ChdDSUhNMG9nS0VJQ0FnSUN2dnFPUG53RRAB	-6.086098	106.733823	https://www.google.com/maps/place/Vinfast+PIK+Pantai+Indah+Kapuk/data=!4m7!3m6!1s0x2e6a1d1363e778cf:0x86f3fcbe16fe1845!8m2!3d-6.0860982!4d106.7338286!16s%2Fg%2F11vrr9fw4z!19sChIJz3jnYxMdai4RRRj-Fr7884Y?authuser=0&hl=id&rclk=1	Soho Ebony, Jl. Laksamana Yos Sudarso Pantai Indah Kapuk PIK Blok A 15 & 16, Kamal Muara, Kecamatan Penjaringan, Jkt Utara, Daerah Khusus Ibukota Jakarta 14470	dealervinfastjakarta.com	14/08/2026 10:45:50
Adi Wijaya	Keren banget mobil listrik dari Vietnam, sukses selalu vinvast PIK pantai indah kapuk	setahun lalu	5 bintang	ChdDSUhNMG9nS0VJQ0FnSUNmN3BfS3N3RRAB	-6.086098	106.733823	https://www.google.com/maps/place/Vinfast+PIK+Pantai+Indah+Kapuk/data=!4m7!3m6!1s0x2e6a1d1363e778cf:0x86f3fcbe16fe1845!8m2!3d-6.0860982!4d106.7338286!16s%2Fg%2F11vrr9fw4z!19sChIJz3jnYxMdai4RRRj-Fr7884Y?authuser=0&hl=id&rclk=1	Soho Ebony, Jl. Laksamana Yos Sudarso Pantai Indah Kapuk PIK Blok A 15 & 16, Kamal Muara, Kecamatan Penjaringan, Jkt Utara, Daerah Khusus Ibukota Jakarta 14470	dealervinfastjakarta.com	14/08/2026 10:45:50
Andreas Samuel	"Dealer Vinfast terbaik!
Bersih, nyaman, sales ramah👍🏻 …"	setahun lalu	5 bintang	ChZDSUhNMG9nS0VJQ0FnSUR2djZqbkdnEAE	-6.086098	106.733823	https://www.google.com/maps/place/Vinfast+PIK+Pantai+Indah+Kapuk/data=!4m7!3m6!1s0x2e6a1d1363e778cf:0x86f3fcbe16fe1845!8m2!3d-6.0860982!4d106.7338286!16s%2Fg%2F11vrr9fw4z!19sChIJz3jnYxMdai4RRRj-Fr7884Y?authuser=0&hl=id&rclk=1	Soho Ebony, Jl. Laksamana Yos Sudarso Pantai Indah Kapuk PIK Blok A 15 & 16, Kamal Muara, Kecamatan Penjaringan, Jkt Utara, Daerah Khusus Ibukota Jakarta 14470	dealervinfastjakarta.com	14/08/2026 10:45:50
Toni Boy	Showroom yang sangat terjamin , dari awal pembelian sampai penyerahan kendaraan nya semua ny berjalan dengan baik , and after sales nya bagus banget . Recommended banget showroom ny apalagi kepala cabang ny Bpk  Fandy  Yang look after ke customer ny samgat memuaskan .	setahun lalu	5 bintang	ChZDSUhNMG9nS0VJQ0FnSUNmdE42WUxREAE	-6.086098	106.733823	https://www.google.com/maps/place/Vinfast+PIK+Pantai+Indah+Kapuk/data=!4m7!3m6!1s0x2e6a1d1363e778cf:0x86f3fcbe16fe1845!8m2!3d-6.0860982!4d106.7338286!16s%2Fg%2F11vrr9fw4z!19sChIJz3jnYxMdai4RRRj-Fr7884Y?authuser=0&hl=id&rclk=1	Soho Ebony, Jl. Laksamana Yos Sudarso Pantai Indah Kapuk PIK Blok A 15 & 16, Kamal Muara, Kecamatan Penjaringan, Jkt Utara, Daerah Khusus Ibukota Jakarta 14470	dealervinfastjakarta.com	14/08/2026 10:45:50
Heri Raharjo	Tertarik tp mau ty apakah Vinfast sudah kerja sama dengan PLN,? Infonya agar dapat harga promo saat pasang baru meteran listrik untuk wall charger	setahun lalu	3 bintang	ChdDSUhNMG9nS0VMRFd2Yk9rMXFxazFBRRAB	-6.086098	106.733823	https://www.google.com/maps/place/Vinfast+PIK+Pantai+Indah+Kapuk/data=!4m7!3m6!1s0x2e6a1d1363e778cf:0x86f3fcbe16fe1845!8m2!3d-6.0860982!4d106.7338286!16s%2Fg%2F11vrr9fw4z!19sChIJz3jnYxMdai4RRRj-Fr7884Y?authuser=0&hl=id&rclk=1	Soho Ebony, Jl. Laksamana Yos Sudarso Pantai Indah Kapuk PIK Blok A 15 & 16, Kamal Muara, Kecamatan Penjaringan, Jkt Utara, Daerah Khusus Ibukota Jakarta 14470	dealervinfastjakarta.com	14/08/2026 10:45:50
marisa yulinda	"akhirnya sampai juga mobil listrik vinfast harga 200 jutaaan
terima kasih Vinfast PIK"	setahun lalu	5 bintang	ChZDSUhNMG9nS0VJQ0FnSUN2N283TlN3EAE	-6.086098	106.733823	https://www.google.com/maps/place/Vinfast+PIK+Pantai+Indah+Kapuk/data=!4m7!3m6!1s0x2e6a1d1363e778cf:0x86f3fcbe16fe1845!8m2!3d-6.0860982!4d106.7338286!16s%2Fg%2F11vrr9fw4z!19sChIJz3jnYxMdai4RRRj-Fr7884Y?authuser=0&hl=id&rclk=1	Soho Ebony, Jl. Laksamana Yos Sudarso Pantai Indah Kapuk PIK Blok A 15 & 16, Kamal Muara, Kecamatan Penjaringan, Jkt Utara, Daerah Khusus Ibukota Jakarta 14470	dealervinfastjakarta.com	14/08/2026 10:45:50
Mohammad Rendy Akbar	"The Best banget Vinfast VFe34 Hijau, harga mobil listrik yang ekonomis, buat yang mau pesan bisa test drive juga di showroom Vinfast Pantai Indah Kapuk.
Terimakasih Koko & Cici yang sudah membantu saya dan Keluarga 🙏🏼 …"	setahun lalu	5 bintang	ChZDSUhNMG9nS0VJQ0FnSUN2dmZTTmRBEAE	-6.086098	106.733823	https://www.google.com/maps/place/Vinfast+PIK+Pantai+Indah+Kapuk/data=!4m7!3m6!1s0x2e6a1d1363e778cf:0x86f3fcbe16fe1845!8m2!3d-6.0860982!4d106.7338286!16s%2Fg%2F11vrr9fw4z!19sChIJz3jnYxMdai4RRRj-Fr7884Y?authuser=0&hl=id&rclk=1	Soho Ebony, Jl. Laksamana Yos Sudarso Pantai Indah Kapuk PIK Blok A 15 & 16, Kamal Muara, Kecamatan Penjaringan, Jkt Utara, Daerah Khusus Ibukota Jakarta 14470	dealervinfastjakarta.com	14/08/2026 10:45:50
Devina Yadita Fitri	Showroomnya oke banget, salesnya helpful dan ramah semua. Highly recomended deh pokoknya	10 bulan lalu	5 bintang	Ci9DQUlRQUNvZENodHljRjlvT2xGbGFWcFZaalJOVGtKQlJVYzRaRzkyUzJ0V1JIYxAB	-6.086098	106.733823	https://www.google.com/maps/place/Vinfast+PIK+Pantai+Indah+Kapuk/data=!4m7!3m6!1s0x2e6a1d1363e778cf:0x86f3fcbe16fe1845!8m2!3d-6.0860982!4d106.7338286!16s%2Fg%2F11vrr9fw4z!19sChIJz3jnYxMdai4RRRj-Fr7884Y?authuser=0&hl=id&rclk=1	Soho Ebony, Jl. Laksamana Yos Sudarso Pantai Indah Kapuk PIK Blok A 15 & 16, Kamal Muara, Kecamatan Penjaringan, Jkt Utara, Daerah Khusus Ibukota Jakarta 14470	dealervinfastjakarta.com	14/08/2026 10:45:50
One Guard Car Protection	Pelayanan cukup bagus sales nya sangat profesional menjelaskan tentang fitur mobil listrik dan subsidi battery mobil listrik nya. Sangat recommended ⚡😇 …	setahun lalu	5 bintang	ChZDSUhNMG9nS0VJQ0FnSUR2cjRfU1NBEAE	-6.086098	106.733823	https://www.google.com/maps/place/Vinfast+PIK+Pantai+Indah+Kapuk/data=!4m7!3m6!1s0x2e6a1d1363e778cf:0x86f3fcbe16fe1845!8m2!3d-6.0860982!4d106.7338286!16s%2Fg%2F11vrr9fw4z!19sChIJz3jnYxMdai4RRRj-Fr7884Y?authuser=0&hl=id&rclk=1	Soho Ebony, Jl. Laksamana Yos Sudarso Pantai Indah Kapuk PIK Blok A 15 & 16, Kamal Muara, Kecamatan Penjaringan, Jkt Utara, Daerah Khusus Ibukota Jakarta 14470	dealervinfastjakarta.com	14/08/2026 10:45:50
Nathania Leanto	Untuk mobil EV affordable bisa jadi salah satu rekomendasi sih. Lalu penjelasan Salesnya mudah dipahami & pelayanannya top banget.	setahun lalu	5 bintang	ChZDSUhNMG9nS0VJQ0FnSUN2cnVxRURREAE	-6.086098	106.733823	https://www.google.com/maps/place/Vinfast+PIK+Pantai+Indah+Kapuk/data=!4m7!3m6!1s0x2e6a1d1363e778cf:0x86f3fcbe16fe1845!8m2!3d-6.0860982!4d106.7338286!16s%2Fg%2F11vrr9fw4z!19sChIJz3jnYxMdai4RRRj-Fr7884Y?authuser=0&hl=id&rclk=1	Soho Ebony, Jl. Laksamana Yos Sudarso Pantai Indah Kapuk PIK Blok A 15 & 16, Kamal Muara, Kecamatan Penjaringan, Jkt Utara, Daerah Khusus Ibukota Jakarta 14470	dealervinfastjakarta.com	14/08/2026 10:45:50
Albert Wijaya	Pelayanannya ramah banget, tempatnya juga nyaman maju terus Vinfast PIK! semoga makin banyak yang belanja nih disini	setahun lalu	5 bintang	ChdDSUhNMG9nS0VJQ0FnTUNReGZlWndRRRAB	-6.086098	106.733823	https://www.google.com/maps/place/Vinfast+PIK+Pantai+Indah+Kapuk/data=!4m7!3m6!1s0x2e6a1d1363e778cf:0x86f3fcbe16fe1845!8m2!3d-6.0860982!4d106.7338286!16s%2Fg%2F11vrr9fw4z!19sChIJz3jnYxMdai4RRRj-Fr7884Y?authuser=0&hl=id&rclk=1	Soho Ebony, Jl. Laksamana Yos Sudarso Pantai Indah Kapuk PIK Blok A 15 & 16, Kamal Muara, Kecamatan Penjaringan, Jkt Utara, Daerah Khusus Ibukota Jakarta 14470	dealervinfastjakarta.com	14/08/2026 10:45:50
Jimmy Jimmy	Dealer Vinfast di Pantai Indah Kapuk dengan service yang bagus dari Team Sales sampai dengan Kepala Cabangnya. Responsif, nice attitude, nice product dan recommend untuk pembelian unit Vinfast	setahun lalu	5 bintang	ChZDSUhNMG9nS0VJQ0FnSUR2ejdtbUxnEAE	-6.086098	106.733823	https://www.google.com/maps/place/Vinfast+PIK+Pantai+Indah+Kapuk/data=!4m7!3m6!1s0x2e6a1d1363e778cf:0x86f3fcbe16fe1845!8m2!3d-6.0860982!4d106.7338286!16s%2Fg%2F11vrr9fw4z!19sChIJz3jnYxMdai4RRRj-Fr7884Y?authuser=0&hl=id&rclk=1	Soho Ebony, Jl. Laksamana Yos Sudarso Pantai Indah Kapuk PIK Blok A 15 & 16, Kamal Muara, Kecamatan Penjaringan, Jkt Utara, Daerah Khusus Ibukota Jakarta 14470	dealervinfastjakarta.com	14/08/2026 10:45:50
bezato laoli	Pelayanan dari salesman sangat membantu saya memberikan gambaran dari unit yg saya inginkan, penjelasannya detail dan sangat ramah. Terimakasih	setahun lalu	5 bintang	ChdDSUhNMG9nS0VJQ0FnSUN2N3AyeXF3RRAB	-6.086098	106.733823	https://www.google.com/maps/place/Vinfast+PIK+Pantai+Indah+Kapuk/data=!4m7!3m6!1s0x2e6a1d1363e778cf:0x86f3fcbe16fe1845!8m2!3d-6.0860982!4d106.7338286!16s%2Fg%2F11vrr9fw4z!19sChIJz3jnYxMdai4RRRj-Fr7884Y?authuser=0&hl=id&rclk=1	Soho Ebony, Jl. Laksamana Yos Sudarso Pantai Indah Kapuk PIK Blok A 15 & 16, Kamal Muara, Kecamatan Penjaringan, Jkt Utara, Daerah Khusus Ibukota Jakarta 14470	dealervinfastjakarta.com	14/08/2026 10:45:50
Andi Faizal	"Showroom Vinfast PIK  Oks banget deh pelayanannya & ramah-ramah. Ngga nyesel deh + dapet bonusnya juga. Hehehe...
Vinfast semakin Sukses..."	setahun lalu	5 bintang	ChZDSUhNMG9nS0VJQ0FnSURmdllYX0t3EAE	-6.086098	106.733823	https://www.google.com/maps/place/Vinfast+PIK+Pantai+Indah+Kapuk/data=!4m7!3m6!1s0x2e6a1d1363e778cf:0x86f3fcbe16fe1845!8m2!3d-6.0860982!4d106.7338286!16s%2Fg%2F11vrr9fw4z!19sChIJz3jnYxMdai4RRRj-Fr7884Y?authuser=0&hl=id&rclk=1	Soho Ebony, Jl. Laksamana Yos Sudarso Pantai Indah Kapuk PIK Blok A 15 & 16, Kamal Muara, Kecamatan Penjaringan, Jkt Utara, Daerah Khusus Ibukota Jakarta 14470	dealervinfastjakarta.com	14/08/2026 10:45:50
Mega R Saiyan	Showroom mobil vinfast yg paling lengkap dan sangat ramah untuk semua sales marketingnya, mempermudah dalam segala hal	setahun lalu	5 bintang	ChdDSUhNMG9nS0VJQ0FnSUN2aWIzY3BRRRAB	-6.086098	106.733823	https://www.google.com/maps/place/Vinfast+PIK+Pantai+Indah+Kapuk/data=!4m7!3m6!1s0x2e6a1d1363e778cf:0x86f3fcbe16fe1845!8m2!3d-6.0860982!4d106.7338286!16s%2Fg%2F11vrr9fw4z!19sChIJz3jnYxMdai4RRRj-Fr7884Y?authuser=0&hl=id&rclk=1	Soho Ebony, Jl. Laksamana Yos Sudarso Pantai Indah Kapuk PIK Blok A 15 & 16, Kamal Muara, Kecamatan Penjaringan, Jkt Utara, Daerah Khusus Ibukota Jakarta 14470	dealervinfastjakarta.com	14/08/2026 10:45:50
Cristina Andrian	"""thx ko Piter , pelayanan bagus dari vinfast pik "" recommended"	setahun lalu	5 bintang	ChZDSUhNMG9nS0VJQ0FnSUN2cnRTckpnEAE	-6.086098	106.733823	https://www.google.com/maps/place/Vinfast+PIK+Pantai+Indah+Kapuk/data=!4m7!3m6!1s0x2e6a1d1363e778cf:0x86f3fcbe16fe1845!8m2!3d-6.0860982!4d106.7338286!16s%2Fg%2F11vrr9fw4z!19sChIJz3jnYxMdai4RRRj-Fr7884Y?authuser=0&hl=id&rclk=1	Soho Ebony, Jl. Laksamana Yos Sudarso Pantai Indah Kapuk PIK Blok A 15 & 16, Kamal Muara, Kecamatan Penjaringan, Jkt Utara, Daerah Khusus Ibukota Jakarta 14470	dealervinfastjakarta.com	14/08/2026 10:45:50
Jansen Tanuwijaya	"Showroomnya bersih, pelayanan ramah, awalnya hanya ingin lihat"" akhirnya jd tertarik..."	setahun lalu	5 bintang	ChZDSUhNMG9nS0VJQ0FnSUR2OU9HYU13EAE	-6.086098	106.733823	https://www.google.com/maps/place/Vinfast+PIK+Pantai+Indah+Kapuk/data=!4m7!3m6!1s0x2e6a1d1363e778cf:0x86f3fcbe16fe1845!8m2!3d-6.0860982!4d106.7338286!16s%2Fg%2F11vrr9fw4z!19sChIJz3jnYxMdai4RRRj-Fr7884Y?authuser=0&hl=id&rclk=1	Soho Ebony, Jl. Laksamana Yos Sudarso Pantai Indah Kapuk PIK Blok A 15 & 16, Kamal Muara, Kecamatan Penjaringan, Jkt Utara, Daerah Khusus Ibukota Jakarta 14470	dealervinfastjakarta.com	14/08/2026 10:45:50
Felita Deanti	"yeay sampai juga mobilnya
mobil listrik idaman buat kuliah nich
enak banget mobilnya …"	setahun lalu	5 bintang	ChdDSUhNMG9nS0VJQ0FnSUN2LXZfQTVnRRAB	-6.086098	106.733823	https://www.google.com/maps/place/Vinfast+PIK+Pantai+Indah+Kapuk/data=!4m7!3m6!1s0x2e6a1d1363e778cf:0x86f3fcbe16fe1845!8m2!3d-6.0860982!4d106.7338286!16s%2Fg%2F11vrr9fw4z!19sChIJz3jnYxMdai4RRRj-Fr7884Y?authuser=0&hl=id&rclk=1	Soho Ebony, Jl. Laksamana Yos Sudarso Pantai Indah Kapuk PIK Blok A 15 & 16, Kamal Muara, Kecamatan Penjaringan, Jkt Utara, Daerah Khusus Ibukota Jakarta 14470	dealervinfastjakarta.com	14/08/2026 10:45:50
Yogi Yogaswara	"asli enak banget nih mobil listrik Vinfast VF5
yang mau test drive bisa ke Vinfast Pantai Indah Kapuk PIK jakarta utara"	setahun lalu	5 bintang	ChZDSUhNMG9nS0VJQ0FnSUR2el83TEdBEAE	-6.086098	106.733823	https://www.google.com/maps/place/Vinfast+PIK+Pantai+Indah+Kapuk/data=!4m7!3m6!1s0x2e6a1d1363e778cf:0x86f3fcbe16fe1845!8m2!3d-6.0860982!4d106.7338286!16s%2Fg%2F11vrr9fw4z!19sChIJz3jnYxMdai4RRRj-Fr7884Y?authuser=0&hl=id&rclk=1	Soho Ebony, Jl. Laksamana Yos Sudarso Pantai Indah Kapuk PIK Blok A 15 & 16, Kamal Muara, Kecamatan Penjaringan, Jkt Utara, Daerah Khusus Ibukota Jakarta 14470	dealervinfastjakarta.com	14/08/2026 10:45:50
Teddy Teddy	Tempat nya bagus,pelayanan sales marketing dan branch manager nya sangat humble,dan menguasai tentang produk👍👍👍 …	setahun lalu	5 bintang	ChZDSUhNMG9nS0VJQ0FnSUN2dnNUdVpREAE	-6.086098	106.733823	https://www.google.com/maps/place/Vinfast+PIK+Pantai+Indah+Kapuk/data=!4m7!3m6!1s0x2e6a1d1363e778cf:0x86f3fcbe16fe1845!8m2!3d-6.0860982!4d106.7338286!16s%2Fg%2F11vrr9fw4z!19sChIJz3jnYxMdai4RRRj-Fr7884Y?authuser=0&hl=id&rclk=1	Soho Ebony, Jl. Laksamana Yos Sudarso Pantai Indah Kapuk PIK Blok A 15 & 16, Kamal Muara, Kecamatan Penjaringan, Jkt Utara, Daerah Khusus Ibukota Jakarta 14470	dealervinfastjakarta.com	14/08/2026 10:45:50
Koala Kumal	"""Lokasi ok, tempatnya bersih dan cukup terawat dengan baik. mungkin next visit akan kesini lag"	setahun lalu	5 bintang	ChZDSUhNMG9nS0VJQ0FnSUN2bnZMWWRREAE	-6.086098	106.733823	https://www.google.com/maps/place/Vinfast+PIK+Pantai+Indah+Kapuk/data=!4m7!3m6!1s0x2e6a1d1363e778cf:0x86f3fcbe16fe1845!8m2!3d-6.0860982!4d106.7338286!16s%2Fg%2F11vrr9fw4z!19sChIJz3jnYxMdai4RRRj-Fr7884Y?authuser=0&hl=id&rclk=1	Soho Ebony, Jl. Laksamana Yos Sudarso Pantai Indah Kapuk PIK Blok A 15 & 16, Kamal Muara, Kecamatan Penjaringan, Jkt Utara, Daerah Khusus Ibukota Jakarta 14470	dealervinfastjakarta.com	14/08/2026 10:45:50
Nurhandini Dini	Welcome my newbaby , siap anter anak sekolah dan beraktivitas kembali , thank you vinfast pik atas pelayanan yg ramah dan terbaik	setahun lalu	5 bintang	ChZDSUhNMG9nS0VJQ0FnSUN2aVlTcURnEAE	-6.086098	106.733823	https://www.google.com/maps/place/Vinfast+PIK+Pantai+Indah+Kapuk/data=!4m7!3m6!1s0x2e6a1d1363e778cf:0x86f3fcbe16fe1845!8m2!3d-6.0860982!4d106.7338286!16s%2Fg%2F11vrr9fw4z!19sChIJz3jnYxMdai4RRRj-Fr7884Y?authuser=0&hl=id&rclk=1	Soho Ebony, Jl. Laksamana Yos Sudarso Pantai Indah Kapuk PIK Blok A 15 & 16, Kamal Muara, Kecamatan Penjaringan, Jkt Utara, Daerah Khusus Ibukota Jakarta 14470	dealervinfastjakarta.com	14/08/2026 10:45:50
Tiyo Lastiawan	"Terima kasih pelayanan terbaik untuk pembelian mobil listrik vintast vf5
sukses terus vinfast pantai indah kapuk PIK"	setahun lalu	5 bintang	ChdDSUhNMG9nS0VJQ0FnSUR2eXZLLS13RRAB	-6.086098	106.733823	https://www.google.com/maps/place/Vinfast+PIK+Pantai+Indah+Kapuk/data=!4m7!3m6!1s0x2e6a1d1363e778cf:0x86f3fcbe16fe1845!8m2!3d-6.0860982!4d106.7338286!16s%2Fg%2F11vrr9fw4z!19sChIJz3jnYxMdai4RRRj-Fr7884Y?authuser=0&hl=id&rclk=1	Soho Ebony, Jl. Laksamana Yos Sudarso Pantai Indah Kapuk PIK Blok A 15 & 16, Kamal Muara, Kecamatan Penjaringan, Jkt Utara, Daerah Khusus Ibukota Jakarta 14470	dealervinfastjakarta.com	14/08/2026 10:45:50
Aria Chan	Pelayanan terbaik dan penjelasan produk yg detail jadi yakin mau beli..	setahun lalu	5 bintang	ChZDSUhNMG9nS0VJQ0FnSUN2N3AtOFdBEAE	-6.086098	106.733823	https://www.google.com/maps/place/Vinfast+PIK+Pantai+Indah+Kapuk/data=!4m7!3m6!1s0x2e6a1d1363e778cf:0x86f3fcbe16fe1845!8m2!3d-6.0860982!4d106.7338286!16s%2Fg%2F11vrr9fw4z!19sChIJz3jnYxMdai4RRRj-Fr7884Y?authuser=0&hl=id&rclk=1	Soho Ebony, Jl. Laksamana Yos Sudarso Pantai Indah Kapuk PIK Blok A 15 & 16, Kamal Muara, Kecamatan Penjaringan, Jkt Utara, Daerah Khusus Ibukota Jakarta 14470	dealervinfastjakarta.com	14/08/2026 10:45:50
yosua deni	cari mobil ev di Sgu vinfast pik lengkap, salesnya juga ramah2. semoga ada disc akhir tahun ya	setahun lalu	5 bintang	ChZDSUhNMG9nS0VJQ0FnSUN2OWI2T1VREAE	-6.086098	106.733823	https://www.google.com/maps/place/Vinfast+PIK+Pantai+Indah+Kapuk/data=!4m7!3m6!1s0x2e6a1d1363e778cf:0x86f3fcbe16fe1845!8m2!3d-6.0860982!4d106.7338286!16s%2Fg%2F11vrr9fw4z!19sChIJz3jnYxMdai4RRRj-Fr7884Y?authuser=0&hl=id&rclk=1	Soho Ebony, Jl. Laksamana Yos Sudarso Pantai Indah Kapuk PIK Blok A 15 & 16, Kamal Muara, Kecamatan Penjaringan, Jkt Utara, Daerah Khusus Ibukota Jakarta 14470	dealervinfastjakarta.com	14/08/2026 10:45:50
no channel	Dealer dengan pelayanan terbaik untuk mobil listrik vin vast semuanya ramah TOP banget	setahun lalu	5 bintang	ChZDSUhNMG9nS0VJQ0FnSUR2akxUQWZREAE	-6.086098	106.733823	https://www.google.com/maps/place/Vinfast+PIK+Pantai+Indah+Kapuk/data=!4m7!3m6!1s0x2e6a1d1363e778cf:0x86f3fcbe16fe1845!8m2!3d-6.0860982!4d106.7338286!16s%2Fg%2F11vrr9fw4z!19sChIJz3jnYxMdai4RRRj-Fr7884Y?authuser=0&hl=id&rclk=1	Soho Ebony, Jl. Laksamana Yos Sudarso Pantai Indah Kapuk PIK Blok A 15 & 16, Kamal Muara, Kecamatan Penjaringan, Jkt Utara, Daerah Khusus Ibukota Jakarta 14470	dealervinfastjakarta.com	14/08/2026 10:45:50
Ismail Syah Wattimena	Terima kasih, Pelayanan Baik, Salesnya Ramah, semoga bisa mampir lagi ke PIK	setahun lalu	5 bintang	ChdDSUhNMG9nS0VJQ0FnSUN2cnBmd2pBRRAB	-6.086098	106.733823	https://www.google.com/maps/place/Vinfast+PIK+Pantai+Indah+Kapuk/data=!4m7!3m6!1s0x2e6a1d1363e778cf:0x86f3fcbe16fe1845!8m2!3d-6.0860982!4d106.7338286!16s%2Fg%2F11vrr9fw4z!19sChIJz3jnYxMdai4RRRj-Fr7884Y?authuser=0&hl=id&rclk=1	Soho Ebony, Jl. Laksamana Yos Sudarso Pantai Indah Kapuk PIK Blok A 15 & 16, Kamal Muara, Kecamatan Penjaringan, Jkt Utara, Daerah Khusus Ibukota Jakarta 14470	dealervinfastjakarta.com	14/08/2026 10:45:50
dhitaputri wijaya	Gila pelayanaan nya gilaaaaaaa sangat sangat di bantuuuu, the best dealer vinfast pik...	10 bulan lalu	5 bintang	Ci9DQUlRQUNvZENodHljRjlvT25aZmJGQjBXak5RTkhWRFRWWTNWbkEwWWs0eVowRRAB	-6.086098	106.733823	https://www.google.com/maps/place/Vinfast+PIK+Pantai+Indah+Kapuk/data=!4m7!3m6!1s0x2e6a1d1363e778cf:0x86f3fcbe16fe1845!8m2!3d-6.0860982!4d106.7338286!16s%2Fg%2F11vrr9fw4z!19sChIJz3jnYxMdai4RRRj-Fr7884Y?authuser=0&hl=id&rclk=1	Soho Ebony, Jl. Laksamana Yos Sudarso Pantai Indah Kapuk PIK Blok A 15 & 16, Kamal Muara, Kecamatan Penjaringan, Jkt Utara, Daerah Khusus Ibukota Jakarta 14470	dealervinfastjakarta.com	14/08/2026 10:45:50
Harry Budi Wibowo	Harga terjangkau, kualitas bgus, dan pelayanan sampai pengiriman Unit sangat cepat dan baik.	setahun lalu	5 bintang	ChdDSUhNMG9nS0VJQ0FnSUN2aWF2YXRnRRAB	-6.086098	106.733823	https://www.google.com/maps/place/Vinfast+PIK+Pantai+Indah+Kapuk/data=!4m7!3m6!1s0x2e6a1d1363e778cf:0x86f3fcbe16fe1845!8m2!3d-6.0860982!4d106.7338286!16s%2Fg%2F11vrr9fw4z!19sChIJz3jnYxMdai4RRRj-Fr7884Y?authuser=0&hl=id&rclk=1	Soho Ebony, Jl. Laksamana Yos Sudarso Pantai Indah Kapuk PIK Blok A 15 & 16, Kamal Muara, Kecamatan Penjaringan, Jkt Utara, Daerah Khusus Ibukota Jakarta 14470	dealervinfastjakarta.com	14/08/2026 10:45:50
Muhamad Afid Pamudjiaman	"Sampai juga pesan mobil listrik vietnam, Vinfast VF5 di Dealer Vinfast Pantai Indah Kapuk PIK
Terima kasih pelayanan terbaik"	setahun lalu	5 bintang	ChZDSUhNMG9nS0VJQ0FnSUNmaWRLUmJREAE	-6.086098	106.733823	https://www.google.com/maps/place/Vinfast+PIK+Pantai+Indah+Kapuk/data=!4m7!3m6!1s0x2e6a1d1363e778cf:0x86f3fcbe16fe1845!8m2!3d-6.0860982!4d106.7338286!16s%2Fg%2F11vrr9fw4z!19sChIJz3jnYxMdai4RRRj-Fr7884Y?authuser=0&hl=id&rclk=1	Soho Ebony, Jl. Laksamana Yos Sudarso Pantai Indah Kapuk PIK Blok A 15 & 16, Kamal Muara, Kecamatan Penjaringan, Jkt Utara, Daerah Khusus Ibukota Jakarta 14470	dealervinfastjakarta.com	14/08/2026 10:45:50
amelia vega juliana pakpahan	"Wah keren banget mobil listrik Vinfast VF3 dari vietnam
semoga lekas masuk ke indonesia
terima kasih Showroom Vinfast Pantai Indah Kapuk PIK"	Diedit setahun lalu	5 bintang	ChdDSUhNMG9nS0VJQ0FnSUN2N3ZmVHp3RRAB	-6.086098	106.733823	https://www.google.com/maps/place/Vinfast+PIK+Pantai+Indah+Kapuk/data=!4m7!3m6!1s0x2e6a1d1363e778cf:0x86f3fcbe16fe1845!8m2!3d-6.0860982!4d106.7338286!16s%2Fg%2F11vrr9fw4z!19sChIJz3jnYxMdai4RRRj-Fr7884Y?authuser=0&hl=id&rclk=1	Soho Ebony, Jl. Laksamana Yos Sudarso Pantai Indah Kapuk PIK Blok A 15 & 16, Kamal Muara, Kecamatan Penjaringan, Jkt Utara, Daerah Khusus Ibukota Jakarta 14470	dealervinfastjakarta.com	14/08/2026 10:45:50
cristina lian	PT gallerie setia utam PIK keren sekali , garansi pelayanan 24 jam puas	setahun lalu	5 bintang	ChZDSUhNMG9nS0VJQ0FnSUN2aWJLMVNBEAE	-6.086098	106.733823	https://www.google.com/maps/place/Vinfast+PIK+Pantai+Indah+Kapuk/data=!4m7!3m6!1s0x2e6a1d1363e778cf:0x86f3fcbe16fe1845!8m2!3d-6.0860982!4d106.7338286!16s%2Fg%2F11vrr9fw4z!19sChIJz3jnYxMdai4RRRj-Fr7884Y?authuser=0&hl=id&rclk=1	Soho Ebony, Jl. Laksamana Yos Sudarso Pantai Indah Kapuk PIK Blok A 15 & 16, Kamal Muara, Kecamatan Penjaringan, Jkt Utara, Daerah Khusus Ibukota Jakarta 14470	dealervinfastjakarta.com	14/08/2026 10:45:50
Martin Wijaya	Showroom nya rapih dgn sales yg mengerti produk. Terpercaya. Bisa cek dgn Nico di sana.👍👍 …	Diedit setahun lalu	5 bintang	ChdDSUhNMG9nS0VJQ0FnSUM3MEpPN3NnRRAB	-6.086098	106.733823	https://www.google.com/maps/place/Vinfast+PIK+Pantai+Indah+Kapuk/data=!4m7!3m6!1s0x2e6a1d1363e778cf:0x86f3fcbe16fe1845!8m2!3d-6.0860982!4d106.7338286!16s%2Fg%2F11vrr9fw4z!19sChIJz3jnYxMdai4RRRj-Fr7884Y?authuser=0&hl=id&rclk=1	Soho Ebony, Jl. Laksamana Yos Sudarso Pantai Indah Kapuk PIK Blok A 15 & 16, Kamal Muara, Kecamatan Penjaringan, Jkt Utara, Daerah Khusus Ibukota Jakarta 14470	dealervinfastjakarta.com	14/08/2026 10:45:50
Teambahasaslot	"super  duper  bagus  banget si pelayanan yh disini
di jamin  gk nyesel deh"	setahun lalu	5 bintang	ChdDSUhNMG9nS0VJQ0FnSUN2dFozSHJ3RRAB	-6.086098	106.733823	https://www.google.com/maps/place/Vinfast+PIK+Pantai+Indah+Kapuk/data=!4m7!3m6!1s0x2e6a1d1363e778cf:0x86f3fcbe16fe1845!8m2!3d-6.0860982!4d106.7338286!16s%2Fg%2F11vrr9fw4z!19sChIJz3jnYxMdai4RRRj-Fr7884Y?authuser=0&hl=id&rclk=1	Soho Ebony, Jl. Laksamana Yos Sudarso Pantai Indah Kapuk PIK Blok A 15 & 16, Kamal Muara, Kecamatan Penjaringan, Jkt Utara, Daerah Khusus Ibukota Jakarta 14470	dealervinfastjakarta.com	14/08/2026 10:45:50
Sandy Hizkiandi	servis nya bagus dealer ini, minggu kemarin saya ambil 1 unit	setahun lalu	5 bintang	ChdDSUhNMG9nS0VJQ0FnSUN2N3UyRjVnRRAB	-6.086098	106.733823	https://www.google.com/maps/place/Vinfast+PIK+Pantai+Indah+Kapuk/data=!4m7!3m6!1s0x2e6a1d1363e778cf:0x86f3fcbe16fe1845!8m2!3d-6.0860982!4d106.7338286!16s%2Fg%2F11vrr9fw4z!19sChIJz3jnYxMdai4RRRj-Fr7884Y?authuser=0&hl=id&rclk=1	Soho Ebony, Jl. Laksamana Yos Sudarso Pantai Indah Kapuk PIK Blok A 15 & 16, Kamal Muara, Kecamatan Penjaringan, Jkt Utara, Daerah Khusus Ibukota Jakarta 14470	dealervinfastjakarta.com	14/08/2026 10:45:50
mega yuliana putri	Cocok banget buat keluarga,kabin nya luas,fitur keselamatan nya lengkap dan sales nya juga ramah poko nya mantap 👍🏻 …	setahun lalu	5 bintang	ChZDSUhNMG9nS0VJQ0FnSUN2cnEzdGZ3EAE	-6.086098	106.733823	https://www.google.com/maps/place/Vinfast+PIK+Pantai+Indah+Kapuk/data=!4m7!3m6!1s0x2e6a1d1363e778cf:0x86f3fcbe16fe1845!8m2!3d-6.0860982!4d106.7338286!16s%2Fg%2F11vrr9fw4z!19sChIJz3jnYxMdai4RRRj-Fr7884Y?authuser=0&hl=id&rclk=1	Soho Ebony, Jl. Laksamana Yos Sudarso Pantai Indah Kapuk PIK Blok A 15 & 16, Kamal Muara, Kecamatan Penjaringan, Jkt Utara, Daerah Khusus Ibukota Jakarta 14470	dealervinfastjakarta.com	14/08/2026 10:45:50
panji darmawan	Akses mudah dan dealer bersih. Karyawan sigap.. gk.nyesel beli mobil disini. Thx vinfast PIK	setahun lalu	5 bintang	ChZDSUhNMG9nS0VJQ0FnSUN2N29lTU9nEAE	-6.086098	106.733823	https://www.google.com/maps/place/Vinfast+PIK+Pantai+Indah+Kapuk/data=!4m7!3m6!1s0x2e6a1d1363e778cf:0x86f3fcbe16fe1845!8m2!3d-6.0860982!4d106.7338286!16s%2Fg%2F11vrr9fw4z!19sChIJz3jnYxMdai4RRRj-Fr7884Y?authuser=0&hl=id&rclk=1	Soho Ebony, Jl. Laksamana Yos Sudarso Pantai Indah Kapuk PIK Blok A 15 & 16, Kamal Muara, Kecamatan Penjaringan, Jkt Utara, Daerah Khusus Ibukota Jakarta 14470	dealervinfastjakarta.com	14/08/2026 10:45:50
Alexander William	Pelayanan terbaik saya dapatkan di dealer ini. Thx🙏🙏 …	setahun lalu	5 bintang	ChdDSUhNMG9nS0VJQ0FnSURmM2FXZGlnRRAB	-6.086098	106.733823	https://www.google.com/maps/place/Vinfast+PIK+Pantai+Indah+Kapuk/data=!4m7!3m6!1s0x2e6a1d1363e778cf:0x86f3fcbe16fe1845!8m2!3d-6.0860982!4d106.7338286!16s%2Fg%2F11vrr9fw4z!19sChIJz3jnYxMdai4RRRj-Fr7884Y?authuser=0&hl=id&rclk=1	Soho Ebony, Jl. Laksamana Yos Sudarso Pantai Indah Kapuk PIK Blok A 15 & 16, Kamal Muara, Kecamatan Penjaringan, Jkt Utara, Daerah Khusus Ibukota Jakarta 14470	dealervinfastjakarta.com	14/08/2026 10:45:50
Radius Saputra	dealer bagus.. sales rama.. kacab nya asik bnr..	setahun lalu	5 bintang	ChZDSUhNMG9nS0VJQ0FnSUN2dW9iZ0JBEAE	-6.086098	106.733823	https://www.google.com/maps/place/Vinfast+PIK+Pantai+Indah+Kapuk/data=!4m7!3m6!1s0x2e6a1d1363e778cf:0x86f3fcbe16fe1845!8m2!3d-6.0860982!4d106.7338286!16s%2Fg%2F11vrr9fw4z!19sChIJz3jnYxMdai4RRRj-Fr7884Y?authuser=0&hl=id&rclk=1	Soho Ebony, Jl. Laksamana Yos Sudarso Pantai Indah Kapuk PIK Blok A 15 & 16, Kamal Muara, Kecamatan Penjaringan, Jkt Utara, Daerah Khusus Ibukota Jakarta 14470	dealervinfastjakarta.com	14/08/2026 10:45:50
yuda suksma	Good Service, yang mau cari mobil listrik bisa datang ke Vinfast PIK	setahun lalu	5 bintang	ChZDSUhNMG9nS0VJQ0FnSUR2cl92UFZREAE	-6.086098	106.733823	https://www.google.com/maps/place/Vinfast+PIK+Pantai+Indah+Kapuk/data=!4m7!3m6!1s0x2e6a1d1363e778cf:0x86f3fcbe16fe1845!8m2!3d-6.0860982!4d106.7338286!16s%2Fg%2F11vrr9fw4z!19sChIJz3jnYxMdai4RRRj-Fr7884Y?authuser=0&hl=id&rclk=1	Soho Ebony, Jl. Laksamana Yos Sudarso Pantai Indah Kapuk PIK Blok A 15 & 16, Kamal Muara, Kecamatan Penjaringan, Jkt Utara, Daerah Khusus Ibukota Jakarta 14470	dealervinfastjakarta.com	14/08/2026 10:45:50
Dicky	Salesnya sangat baik dalam produk dan sangat membantu dalam proses mobil barunya	setahun lalu	5 bintang	ChdDSUhNMG9nS0VJQ0FnSURmblpLT3dRRRAB	-6.086098	106.733823	https://www.google.com/maps/place/Vinfast+PIK+Pantai+Indah+Kapuk/data=!4m7!3m6!1s0x2e6a1d1363e778cf:0x86f3fcbe16fe1845!8m2!3d-6.0860982!4d106.7338286!16s%2Fg%2F11vrr9fw4z!19sChIJz3jnYxMdai4RRRj-Fr7884Y?authuser=0&hl=id&rclk=1	Soho Ebony, Jl. Laksamana Yos Sudarso Pantai Indah Kapuk PIK Blok A 15 & 16, Kamal Muara, Kecamatan Penjaringan, Jkt Utara, Daerah Khusus Ibukota Jakarta 14470	dealervinfastjakarta.com	14/08/2026 10:45:50
Oky Kusumaatmaja	Pelayanan Ramah, Dealer nyaman.. Sukses terus untuk Vinfast Pik	setahun lalu	5 bintang	ChdDSUhNMG9nS0VJQ0FnSURmblpuZDZnRRAB	-6.086098	106.733823	https://www.google.com/maps/place/Vinfast+PIK+Pantai+Indah+Kapuk/data=!4m7!3m6!1s0x2e6a1d1363e778cf:0x86f3fcbe16fe1845!8m2!3d-6.0860982!4d106.7338286!16s%2Fg%2F11vrr9fw4z!19sChIJz3jnYxMdai4RRRj-Fr7884Y?authuser=0&hl=id&rclk=1	Soho Ebony, Jl. Laksamana Yos Sudarso Pantai Indah Kapuk PIK Blok A 15 & 16, Kamal Muara, Kecamatan Penjaringan, Jkt Utara, Daerah Khusus Ibukota Jakarta 14470	dealervinfastjakarta.com	14/08/2026 10:45:50
Rendy Apan	Sangat Memuaskan mobil dan pelayanan nya, terimakasih	setahun lalu	5 bintang	ChZDSUhNMG9nS0VJQ0FnSUN2N3ZpSmNBEAE	-6.086098	106.733823	https://www.google.com/maps/place/Vinfast+PIK+Pantai+Indah+Kapuk/data=!4m7!3m6!1s0x2e6a1d1363e778cf:0x86f3fcbe16fe1845!8m2!3d-6.0860982!4d106.7338286!16s%2Fg%2F11vrr9fw4z!19sChIJz3jnYxMdai4RRRj-Fr7884Y?authuser=0&hl=id&rclk=1	Soho Ebony, Jl. Laksamana Yos Sudarso Pantai Indah Kapuk PIK Blok A 15 & 16, Kamal Muara, Kecamatan Penjaringan, Jkt Utara, Daerah Khusus Ibukota Jakarta 14470	dealervinfastjakarta.com	14/08/2026 10:45:50
Rendi Widanov	Dealer Vinfast di PIK sangat nyaman, Bersih serta dari segi pelayanan sangat memuaskan	setahun lalu	5 bintang	ChdDSUhNMG9nS0VJQ0FnSUR2Z05qTGdRRRAB	-6.086098	106.733823	https://www.google.com/maps/place/Vinfast+PIK+Pantai+Indah+Kapuk/data=!4m7!3m6!1s0x2e6a1d1363e778cf:0x86f3fcbe16fe1845!8m2!3d-6.0860982!4d106.7338286!16s%2Fg%2F11vrr9fw4z!19sChIJz3jnYxMdai4RRRj-Fr7884Y?authuser=0&hl=id&rclk=1	Soho Ebony, Jl. Laksamana Yos Sudarso Pantai Indah Kapuk PIK Blok A 15 & 16, Kamal Muara, Kecamatan Penjaringan, Jkt Utara, Daerah Khusus Ibukota Jakarta 14470	dealervinfastjakarta.com	14/08/2026 10:45:50
Gope Style	pelayanannya bagus orangnya ramah banget berkesan baik banget	setahun lalu	5 bintang	ChdDSUhNMG9nS0VJQ0FnSUN2bnRLT3VnRRAB	-6.086098	106.733823	https://www.google.com/maps/place/Vinfast+PIK+Pantai+Indah+Kapuk/data=!4m7!3m6!1s0x2e6a1d1363e778cf:0x86f3fcbe16fe1845!8m2!3d-6.0860982!4d106.7338286!16s%2Fg%2F11vrr9fw4z!19sChIJz3jnYxMdai4RRRj-Fr7884Y?authuser=0&hl=id&rclk=1	Soho Ebony, Jl. Laksamana Yos Sudarso Pantai Indah Kapuk PIK Blok A 15 & 16, Kamal Muara, Kecamatan Penjaringan, Jkt Utara, Daerah Khusus Ibukota Jakarta 14470	dealervinfastjakarta.com	14/08/2026 10:45:50
Johansyah	dealer nya sangat bagus, dan untuk after sales nya sangat rekomendasi	setahun lalu	5 bintang	ChZDSUhNMG9nS0VJQ0FnSUN2M3VfRWRBEAE	-6.086098	106.733823	https://www.google.com/maps/place/Vinfast+PIK+Pantai+Indah+Kapuk/data=!4m7!3m6!1s0x2e6a1d1363e778cf:0x86f3fcbe16fe1845!8m2!3d-6.0860982!4d106.7338286!16s%2Fg%2F11vrr9fw4z!19sChIJz3jnYxMdai4RRRj-Fr7884Y?authuser=0&hl=id&rclk=1	Soho Ebony, Jl. Laksamana Yos Sudarso Pantai Indah Kapuk PIK Blok A 15 & 16, Kamal Muara, Kecamatan Penjaringan, Jkt Utara, Daerah Khusus Ibukota Jakarta 14470	dealervinfastjakarta.com	14/08/2026 10:45:50
Antonius Rizki	keren banget Mobil listrik vinfast vf3,semoga lekas masuk ke indonesia, terima kasih Vinfast pantai indah kapuk PIK Jakarta Utara	setahun lalu	5 bintang	ChdDSUhNMG9nS0VJQ0FnSUNmeEtfYXZBRRAB	-6.086098	106.733823	https://www.google.com/maps/place/Vinfast+PIK+Pantai+Indah+Kapuk/data=!4m7!3m6!1s0x2e6a1d1363e778cf:0x86f3fcbe16fe1845!8m2!3d-6.0860982!4d106.7338286!16s%2Fg%2F11vrr9fw4z!19sChIJz3jnYxMdai4RRRj-Fr7884Y?authuser=0&hl=id&rclk=1	Soho Ebony, Jl. Laksamana Yos Sudarso Pantai Indah Kapuk PIK Blok A 15 & 16, Kamal Muara, Kecamatan Penjaringan, Jkt Utara, Daerah Khusus Ibukota Jakarta 14470	dealervinfastjakarta.com	14/08/2026 10:45:50
E	Pelayanan nya sangat fast respon dan memuaskan!	setahun lalu	5 bintang	ChdDSUhNMG9nS0VJQ0FnSUN2X3BMa3JBRRAB	-6.086098	106.733823	https://www.google.com/maps/place/Vinfast+PIK+Pantai+Indah+Kapuk/data=!4m7!3m6!1s0x2e6a1d1363e778cf:0x86f3fcbe16fe1845!8m2!3d-6.0860982!4d106.7338286!16s%2Fg%2F11vrr9fw4z!19sChIJz3jnYxMdai4RRRj-Fr7884Y?authuser=0&hl=id&rclk=1	Soho Ebony, Jl. Laksamana Yos Sudarso Pantai Indah Kapuk PIK Blok A 15 & 16, Kamal Muara, Kecamatan Penjaringan, Jkt Utara, Daerah Khusus Ibukota Jakarta 14470	dealervinfastjakarta.com	14/08/2026 10:45:50
Clara Effendi	Bersih , nyaman, sales nya ramah2 . Top d vinfast pik	setahun lalu	5 bintang	ChdDSUhNMG9nS0VJQ0FnSUN2OWY3UHRRRRAB	-6.086098	106.733823	https://www.google.com/maps/place/Vinfast+PIK+Pantai+Indah+Kapuk/data=!4m7!3m6!1s0x2e6a1d1363e778cf:0x86f3fcbe16fe1845!8m2!3d-6.0860982!4d106.7338286!16s%2Fg%2F11vrr9fw4z!19sChIJz3jnYxMdai4RRRj-Fr7884Y?authuser=0&hl=id&rclk=1	Soho Ebony, Jl. Laksamana Yos Sudarso Pantai Indah Kapuk PIK Blok A 15 & 16, Kamal Muara, Kecamatan Penjaringan, Jkt Utara, Daerah Khusus Ibukota Jakarta 14470	dealervinfastjakarta.com	14/08/2026 10:45:50
Aqila Salsa	Sangat ramah sales nya dan suasana kantor nyaman	setahun lalu	5 bintang	ChdDSUhNMG9nS0VJQ0FnSUN2dnN5WjNnRRAB	-6.086098	106.733823	https://www.google.com/maps/place/Vinfast+PIK+Pantai+Indah+Kapuk/data=!4m7!3m6!1s0x2e6a1d1363e778cf:0x86f3fcbe16fe1845!8m2!3d-6.0860982!4d106.7338286!16s%2Fg%2F11vrr9fw4z!19sChIJz3jnYxMdai4RRRj-Fr7884Y?authuser=0&hl=id&rclk=1	Soho Ebony, Jl. Laksamana Yos Sudarso Pantai Indah Kapuk PIK Blok A 15 & 16, Kamal Muara, Kecamatan Penjaringan, Jkt Utara, Daerah Khusus Ibukota Jakarta 14470	dealervinfastjakarta.com	14/08/2026 10:45:50
Hendri Toyota	Salesnya rama2 dan dealernya Bersih dan Rapi...	setahun lalu	5 bintang	ChdDSUhNMG9nS0VJQ0FnSUN2cnJxV2xnRRAB	-6.086098	106.733823	https://www.google.com/maps/place/Vinfast+PIK+Pantai+Indah+Kapuk/data=!4m7!3m6!1s0x2e6a1d1363e778cf:0x86f3fcbe16fe1845!8m2!3d-6.0860982!4d106.7338286!16s%2Fg%2F11vrr9fw4z!19sChIJz3jnYxMdai4RRRj-Fr7884Y?authuser=0&hl=id&rclk=1	Soho Ebony, Jl. Laksamana Yos Sudarso Pantai Indah Kapuk PIK Blok A 15 & 16, Kamal Muara, Kecamatan Penjaringan, Jkt Utara, Daerah Khusus Ibukota Jakarta 14470	dealervinfastjakarta.com	14/08/2026 10:45:50
Doy Rhadafatra	pelayanan nya sangat bagus dan sangat nyaman sekali	setahun lalu	5 bintang	ChZDSUhNMG9nS0VJQ0FnSUN2bnJMakh3EAE	-6.086098	106.733823	https://www.google.com/maps/place/Vinfast+PIK+Pantai+Indah+Kapuk/data=!4m7!3m6!1s0x2e6a1d1363e778cf:0x86f3fcbe16fe1845!8m2!3d-6.0860982!4d106.7338286!16s%2Fg%2F11vrr9fw4z!19sChIJz3jnYxMdai4RRRj-Fr7884Y?authuser=0&hl=id&rclk=1	Soho Ebony, Jl. Laksamana Yos Sudarso Pantai Indah Kapuk PIK Blok A 15 & 16, Kamal Muara, Kecamatan Penjaringan, Jkt Utara, Daerah Khusus Ibukota Jakarta 14470	dealervinfastjakarta.com	14/08/2026 10:45:50
Yogi Limiady	wah pengalaman berbeda untuk mengendarai. mantaps dah..	setahun lalu	5 bintang	ChdDSUhNMG9nS0VJQ0FnSUNmaE5QZ3hnRRAB	-6.086098	106.733823	https://www.google.com/maps/place/Vinfast+PIK+Pantai+Indah+Kapuk/data=!4m7!3m6!1s0x2e6a1d1363e778cf:0x86f3fcbe16fe1845!8m2!3d-6.0860982!4d106.7338286!16s%2Fg%2F11vrr9fw4z!19sChIJz3jnYxMdai4RRRj-Fr7884Y?authuser=0&hl=id&rclk=1	Soho Ebony, Jl. Laksamana Yos Sudarso Pantai Indah Kapuk PIK Blok A 15 & 16, Kamal Muara, Kecamatan Penjaringan, Jkt Utara, Daerah Khusus Ibukota Jakarta 14470	dealervinfastjakarta.com	14/08/2026 10:45:50
thomas ekky	Dealernya & pelayanan salesnya Bagus & ramah.tks Vinfast PIK	setahun lalu	5 bintang	ChdDSUhNMG9nS0VJQ0FnSUN2N3V6bzZ3RRAB	-6.086098	106.733823	https://www.google.com/maps/place/Vinfast+PIK+Pantai+Indah+Kapuk/data=!4m7!3m6!1s0x2e6a1d1363e778cf:0x86f3fcbe16fe1845!8m2!3d-6.0860982!4d106.7338286!16s%2Fg%2F11vrr9fw4z!19sChIJz3jnYxMdai4RRRj-Fr7884Y?authuser=0&hl=id&rclk=1	Soho Ebony, Jl. Laksamana Yos Sudarso Pantai Indah Kapuk PIK Blok A 15 & 16, Kamal Muara, Kecamatan Penjaringan, Jkt Utara, Daerah Khusus Ibukota Jakarta 14470	dealervinfastjakarta.com	14/08/2026 10:45:50
peha 77	Pelayanannya Bagus... staff nya ramah2	setahun lalu	5 bintang	ChdDSUhNMG9nS0VJQ0FnSUN2N3YzLTVnRRAB	-6.086098	106.733823	https://www.google.com/maps/place/Vinfast+PIK+Pantai+Indah+Kapuk/data=!4m7!3m6!1s0x2e6a1d1363e778cf:0x86f3fcbe16fe1845!8m2!3d-6.0860982!4d106.7338286!16s%2Fg%2F11vrr9fw4z!19sChIJz3jnYxMdai4RRRj-Fr7884Y?authuser=0&hl=id&rclk=1	Soho Ebony, Jl. Laksamana Yos Sudarso Pantai Indah Kapuk PIK Blok A 15 & 16, Kamal Muara, Kecamatan Penjaringan, Jkt Utara, Daerah Khusus Ibukota Jakarta 14470	dealervinfastjakarta.com	14/08/2026 10:45:50
Erik Setiawan	Best service... Mau cari vinfast.. vinfast pik aja...	setahun lalu	5 bintang	ChdDSUhNMG9nS0VJQ0FnSUN2NmZuLW5BRRAB	-6.086098	106.733823	https://www.google.com/maps/place/Vinfast+PIK+Pantai+Indah+Kapuk/data=!4m7!3m6!1s0x2e6a1d1363e778cf:0x86f3fcbe16fe1845!8m2!3d-6.0860982!4d106.7338286!16s%2Fg%2F11vrr9fw4z!19sChIJz3jnYxMdai4RRRj-Fr7884Y?authuser=0&hl=id&rclk=1	Soho Ebony, Jl. Laksamana Yos Sudarso Pantai Indah Kapuk PIK Blok A 15 & 16, Kamal Muara, Kecamatan Penjaringan, Jkt Utara, Daerah Khusus Ibukota Jakarta 14470	dealervinfastjakarta.com	14/08/2026 10:45:50
Tamtami Albantanawi	Showroom nyaman dan pelayanannya terbaik	setahun lalu	5 bintang	ChdDSUhNMG9nS0VJQ0FnSUNmbnBEMzJBRRAB	-6.086098	106.733823	https://www.google.com/maps/place/Vinfast+PIK+Pantai+Indah+Kapuk/data=!4m7!3m6!1s0x2e6a1d1363e778cf:0x86f3fcbe16fe1845!8m2!3d-6.0860982!4d106.7338286!16s%2Fg%2F11vrr9fw4z!19sChIJz3jnYxMdai4RRRj-Fr7884Y?authuser=0&hl=id&rclk=1	Soho Ebony, Jl. Laksamana Yos Sudarso Pantai Indah Kapuk PIK Blok A 15 & 16, Kamal Muara, Kecamatan Penjaringan, Jkt Utara, Daerah Khusus Ibukota Jakarta 14470	dealervinfastjakarta.com	14/08/2026 10:45:50
Didier Santoso	Tempat keren, cozy, marketernya ramah ramah👌 …	setahun lalu	5 bintang	ChdDSUhNMG9nS0VJQ0FnSUN2N3BfSGtRRRAB	-6.086098	106.733823	https://www.google.com/maps/place/Vinfast+PIK+Pantai+Indah+Kapuk/data=!4m7!3m6!1s0x2e6a1d1363e778cf:0x86f3fcbe16fe1845!8m2!3d-6.0860982!4d106.7338286!16s%2Fg%2F11vrr9fw4z!19sChIJz3jnYxMdai4RRRj-Fr7884Y?authuser=0&hl=id&rclk=1	Soho Ebony, Jl. Laksamana Yos Sudarso Pantai Indah Kapuk PIK Blok A 15 & 16, Kamal Muara, Kecamatan Penjaringan, Jkt Utara, Daerah Khusus Ibukota Jakarta 14470	dealervinfastjakarta.com	14/08/2026 10:45:50
Rocky Agung Sedayu	Mobil bagus dilayani dengan ramah dan baik.	setahun lalu	5 bintang	ChZDSUhNMG9nS0VJQ0FnSURmblpXdVZREAE	-6.086098	106.733823	https://www.google.com/maps/place/Vinfast+PIK+Pantai+Indah+Kapuk/data=!4m7!3m6!1s0x2e6a1d1363e778cf:0x86f3fcbe16fe1845!8m2!3d-6.0860982!4d106.7338286!16s%2Fg%2F11vrr9fw4z!19sChIJz3jnYxMdai4RRRj-Fr7884Y?authuser=0&hl=id&rclk=1	Soho Ebony, Jl. Laksamana Yos Sudarso Pantai Indah Kapuk PIK Blok A 15 & 16, Kamal Muara, Kecamatan Penjaringan, Jkt Utara, Daerah Khusus Ibukota Jakarta 14470	dealervinfastjakarta.com	14/08/2026 10:45:50
nia oktaviani	Pelayanan nya ga kaleng kaleng top markotop 😍 …	setahun lalu	5 bintang	ChdDSUhNMG9nS0VJQ0FnSUN2N3E3VXZnRRAB	-6.086098	106.733823	https://www.google.com/maps/place/Vinfast+PIK+Pantai+Indah+Kapuk/data=!4m7!3m6!1s0x2e6a1d1363e778cf:0x86f3fcbe16fe1845!8m2!3d-6.0860982!4d106.7338286!16s%2Fg%2F11vrr9fw4z!19sChIJz3jnYxMdai4RRRj-Fr7884Y?authuser=0&hl=id&rclk=1	Soho Ebony, Jl. Laksamana Yos Sudarso Pantai Indah Kapuk PIK Blok A 15 & 16, Kamal Muara, Kecamatan Penjaringan, Jkt Utara, Daerah Khusus Ibukota Jakarta 14470	dealervinfastjakarta.com	14/08/2026 10:45:50
Janny Kirojan	Tempatnya nyaman ,staf2 nya ramah dan helpfull	setahun lalu	4 bintang	ChdDSUhNMG9nS0VJQ0FnSUN2N3FQXzNBRRAB	-6.086098	106.733823	https://www.google.com/maps/place/Vinfast+PIK+Pantai+Indah+Kapuk/data=!4m7!3m6!1s0x2e6a1d1363e778cf:0x86f3fcbe16fe1845!8m2!3d-6.0860982!4d106.7338286!16s%2Fg%2F11vrr9fw4z!19sChIJz3jnYxMdai4RRRj-Fr7884Y?authuser=0&hl=id&rclk=1	Soho Ebony, Jl. Laksamana Yos Sudarso Pantai Indah Kapuk PIK Blok A 15 & 16, Kamal Muara, Kecamatan Penjaringan, Jkt Utara, Daerah Khusus Ibukota Jakarta 14470	dealervinfastjakarta.com	14/08/2026 10:45:50
Kevin Jovanka	Dealer vinfast terbaik dijakarta utara	8 bulan lalu	5 bintang	Ci9DQUlRQUNvZENodHljRjlvT2sxclNGUlBOMDB6YTBoSmQxbFVSMnRvVkdWNU4yYxAB	-6.086098	106.733823	https://www.google.com/maps/place/Vinfast+PIK+Pantai+Indah+Kapuk/data=!4m7!3m6!1s0x2e6a1d1363e778cf:0x86f3fcbe16fe1845!8m2!3d-6.0860982!4d106.7338286!16s%2Fg%2F11vrr9fw4z!19sChIJz3jnYxMdai4RRRj-Fr7884Y?authuser=0&hl=id&rclk=1	Soho Ebony, Jl. Laksamana Yos Sudarso Pantai Indah Kapuk PIK Blok A 15 & 16, Kamal Muara, Kecamatan Penjaringan, Jkt Utara, Daerah Khusus Ibukota Jakarta 14470	dealervinfastjakarta.com	14/08/2026 10:45:50
wahyudi rianto	Terima kasih Mas Fandy atas informasi dan pelayanan nya	setahun lalu	5 bintang	ChdDSUhNMG9nS0VJQ0FnSUN2bVlXazlRRRAB	-6.086098	106.733823	https://www.google.com/maps/place/Vinfast+PIK+Pantai+Indah+Kapuk/data=!4m7!3m6!1s0x2e6a1d1363e778cf:0x86f3fcbe16fe1845!8m2!3d-6.0860982!4d106.7338286!16s%2Fg%2F11vrr9fw4z!19sChIJz3jnYxMdai4RRRj-Fr7884Y?authuser=0&hl=id&rclk=1	Soho Ebony, Jl. Laksamana Yos Sudarso Pantai Indah Kapuk PIK Blok A 15 & 16, Kamal Muara, Kecamatan Penjaringan, Jkt Utara, Daerah Khusus Ibukota Jakarta 14470	dealervinfastjakarta.com	14/08/2026 10:45:50
Gepeng MGL	Bagus tempatnya view nya pas pemandangan laut	setahun lalu	5 bintang	ChdDSUhNMG9nS0VJQ0FnSURmb3YtOXhRRRAB	-6.086098	106.733823	https://www.google.com/maps/place/Vinfast+PIK+Pantai+Indah+Kapuk/data=!4m7!3m6!1s0x2e6a1d1363e778cf:0x86f3fcbe16fe1845!8m2!3d-6.0860982!4d106.7338286!16s%2Fg%2F11vrr9fw4z!19sChIJz3jnYxMdai4RRRj-Fr7884Y?authuser=0&hl=id&rclk=1	Soho Ebony, Jl. Laksamana Yos Sudarso Pantai Indah Kapuk PIK Blok A 15 & 16, Kamal Muara, Kecamatan Penjaringan, Jkt Utara, Daerah Khusus Ibukota Jakarta 14470	dealervinfastjakarta.com	14/08/2026 10:45:50
Yudhi Tritana	Pelayanannya oke bnget.. mantapp..	setahun lalu	5 bintang	ChZDSUhNMG9nS0VJQ0FnSUN2cHFYVER3EAE	-6.086098	106.733823	https://www.google.com/maps/place/Vinfast+PIK+Pantai+Indah+Kapuk/data=!4m7!3m6!1s0x2e6a1d1363e778cf:0x86f3fcbe16fe1845!8m2!3d-6.0860982!4d106.7338286!16s%2Fg%2F11vrr9fw4z!19sChIJz3jnYxMdai4RRRj-Fr7884Y?authuser=0&hl=id&rclk=1	Soho Ebony, Jl. Laksamana Yos Sudarso Pantai Indah Kapuk PIK Blok A 15 & 16, Kamal Muara, Kecamatan Penjaringan, Jkt Utara, Daerah Khusus Ibukota Jakarta 14470	dealervinfastjakarta.com	14/08/2026 10:45:50
Amelia Trijaya	"Dealer terbaik🙏🏻🙏🏻🙏🏻
Dgn Pak Danil …"	setahun lalu	5 bintang	ChdDSUhNMG9nS0VJQ0FnSUN2dGV2SDhRRRAB	-6.086098	106.733823	https://www.google.com/maps/place/Vinfast+PIK+Pantai+Indah+Kapuk/data=!4m7!3m6!1s0x2e6a1d1363e778cf:0x86f3fcbe16fe1845!8m2!3d-6.0860982!4d106.7338286!16s%2Fg%2F11vrr9fw4z!19sChIJz3jnYxMdai4RRRj-Fr7884Y?authuser=0&hl=id&rclk=1	Soho Ebony, Jl. Laksamana Yos Sudarso Pantai Indah Kapuk PIK Blok A 15 & 16, Kamal Muara, Kecamatan Penjaringan, Jkt Utara, Daerah Khusus Ibukota Jakarta 14470	dealervinfastjakarta.com	14/08/2026 10:45:50
Putri Valentine	"pelayanan bintang 5, mobilnya cakep"""	setahun lalu	5 bintang	ChdDSUhNMG9nS0VJQ0FnSUN2cm8ybXl3RRAB	-6.086098	106.733823	https://www.google.com/maps/place/Vinfast+PIK+Pantai+Indah+Kapuk/data=!4m7!3m6!1s0x2e6a1d1363e778cf:0x86f3fcbe16fe1845!8m2!3d-6.0860982!4d106.7338286!16s%2Fg%2F11vrr9fw4z!19sChIJz3jnYxMdai4RRRj-Fr7884Y?authuser=0&hl=id&rclk=1	Soho Ebony, Jl. Laksamana Yos Sudarso Pantai Indah Kapuk PIK Blok A 15 & 16, Kamal Muara, Kecamatan Penjaringan, Jkt Utara, Daerah Khusus Ibukota Jakarta 14470	dealervinfastjakarta.com	14/08/2026 10:45:50
Arthur William Kevin	Dealernya keren mobil2 nya juga keren👍👍👍 …	setahun lalu	5 bintang	ChdDSUhNMG9nS0VJQ0FnSURmNy1TeDdnRRAB	-6.086098	106.733823	https://www.google.com/maps/place/Vinfast+PIK+Pantai+Indah+Kapuk/data=!4m7!3m6!1s0x2e6a1d1363e778cf:0x86f3fcbe16fe1845!8m2!3d-6.0860982!4d106.7338286!16s%2Fg%2F11vrr9fw4z!19sChIJz3jnYxMdai4RRRj-Fr7884Y?authuser=0&hl=id&rclk=1	Soho Ebony, Jl. Laksamana Yos Sudarso Pantai Indah Kapuk PIK Blok A 15 & 16, Kamal Muara, Kecamatan Penjaringan, Jkt Utara, Daerah Khusus Ibukota Jakarta 14470	dealervinfastjakarta.com	14/08/2026 10:45:50
Guee Juli	Vinfast PIK emang keren,, top banget lah	setahun lalu	5 bintang	ChdDSUhNMG9nS0VJQ0FnSUN2aWM3VjhnRRAB	-6.086098	106.733823	https://www.google.com/maps/place/Vinfast+PIK+Pantai+Indah+Kapuk/data=!4m7!3m6!1s0x2e6a1d1363e778cf:0x86f3fcbe16fe1845!8m2!3d-6.0860982!4d106.7338286!16s%2Fg%2F11vrr9fw4z!19sChIJz3jnYxMdai4RRRj-Fr7884Y?authuser=0&hl=id&rclk=1	Soho Ebony, Jl. Laksamana Yos Sudarso Pantai Indah Kapuk PIK Blok A 15 & 16, Kamal Muara, Kecamatan Penjaringan, Jkt Utara, Daerah Khusus Ibukota Jakarta 14470	dealervinfastjakarta.com	14/08/2026 10:45:50
Udo Vino Chanel	Keren banget servis.. suskes selalu	setahun lalu	5 bintang	ChdDSUhNMG9nS0VJQ0FnSURmckxLN2l3RRAB	-6.086098	106.733823	https://www.google.com/maps/place/Vinfast+PIK+Pantai+Indah+Kapuk/data=!4m7!3m6!1s0x2e6a1d1363e778cf:0x86f3fcbe16fe1845!8m2!3d-6.0860982!4d106.7338286!16s%2Fg%2F11vrr9fw4z!19sChIJz3jnYxMdai4RRRj-Fr7884Y?authuser=0&hl=id&rclk=1	Soho Ebony, Jl. Laksamana Yos Sudarso Pantai Indah Kapuk PIK Blok A 15 & 16, Kamal Muara, Kecamatan Penjaringan, Jkt Utara, Daerah Khusus Ibukota Jakarta 14470	dealervinfastjakarta.com	14/08/2026 10:45:50
Slamet Darmawan	Marketing ramah, bisa dibantu sampai approve,	setahun lalu	5 bintang	ChdDSUhNMG9nS0VJQ0FnSURfeWJmSzNnRRAB	-6.086098	106.733823	https://www.google.com/maps/place/Vinfast+PIK+Pantai+Indah+Kapuk/data=!4m7!3m6!1s0x2e6a1d1363e778cf:0x86f3fcbe16fe1845!8m2!3d-6.0860982!4d106.7338286!16s%2Fg%2F11vrr9fw4z!19sChIJz3jnYxMdai4RRRj-Fr7884Y?authuser=0&hl=id&rclk=1	Soho Ebony, Jl. Laksamana Yos Sudarso Pantai Indah Kapuk PIK Blok A 15 & 16, Kamal Muara, Kecamatan Penjaringan, Jkt Utara, Daerah Khusus Ibukota Jakarta 14470	dealervinfastjakarta.com	14/08/2026 10:45:50
Aditia Dwi prastyo	Mantap pelayanannya	setahun lalu	5 bintang	ChZDSUhNMG9nS0VJQ0FnSURfaUpuTU13EAE	-6.086098	106.733823	https://www.google.com/maps/place/Vinfast+PIK+Pantai+Indah+Kapuk/data=!4m7!3m6!1s0x2e6a1d1363e778cf:0x86f3fcbe16fe1845!8m2!3d-6.0860982!4d106.7338286!16s%2Fg%2F11vrr9fw4z!19sChIJz3jnYxMdai4RRRj-Fr7884Y?authuser=0&hl=id&rclk=1	Soho Ebony, Jl. Laksamana Yos Sudarso Pantai Indah Kapuk PIK Blok A 15 & 16, Kamal Muara, Kecamatan Penjaringan, Jkt Utara, Daerah Khusus Ibukota Jakarta 14470	dealervinfastjakarta.com	14/08/2026 10:45:50
federico darmadi	beli sama fandy, bonusnya banyak ♥️♥️	setahun lalu	5 bintang	ChZDSUhNMG9nS0VJQ0FnSUN2dXFHQUlnEAE	-6.086098	106.733823	https://www.google.com/maps/place/Vinfast+PIK+Pantai+Indah+Kapuk/data=!4m7!3m6!1s0x2e6a1d1363e778cf:0x86f3fcbe16fe1845!8m2!3d-6.0860982!4d106.7338286!16s%2Fg%2F11vrr9fw4z!19sChIJz3jnYxMdai4RRRj-Fr7884Y?authuser=0&hl=id&rclk=1	Soho Ebony, Jl. Laksamana Yos Sudarso Pantai Indah Kapuk PIK Blok A 15 & 16, Kamal Muara, Kecamatan Penjaringan, Jkt Utara, Daerah Khusus Ibukota Jakarta 14470	dealervinfastjakarta.com	14/08/2026 10:45:50
marcel perwira	Luar biasa mantap , Good produk	setahun lalu	5 bintang	ChZDSUhNMG9nS0VJQ0FnSURmcXZ5LWR3EAE	-6.086098	106.733823	https://www.google.com/maps/place/Vinfast+PIK+Pantai+Indah+Kapuk/data=!4m7!3m6!1s0x2e6a1d1363e778cf:0x86f3fcbe16fe1845!8m2!3d-6.0860982!4d106.7338286!16s%2Fg%2F11vrr9fw4z!19sChIJz3jnYxMdai4RRRj-Fr7884Y?authuser=0&hl=id&rclk=1	Soho Ebony, Jl. Laksamana Yos Sudarso Pantai Indah Kapuk PIK Blok A 15 & 16, Kamal Muara, Kecamatan Penjaringan, Jkt Utara, Daerah Khusus Ibukota Jakarta 14470	dealervinfastjakarta.com	14/08/2026 10:45:50
Yudi -	Pelayanan terbaik	setahun lalu	5 bintang	ChZDSUhNMG9nS0VJQ0FnSUR2OUt5V2ZREAE	-6.086098	106.733823	https://www.google.com/maps/place/Vinfast+PIK+Pantai+Indah+Kapuk/data=!4m7!3m6!1s0x2e6a1d1363e778cf:0x86f3fcbe16fe1845!8m2!3d-6.0860982!4d106.7338286!16s%2Fg%2F11vrr9fw4z!19sChIJz3jnYxMdai4RRRj-Fr7884Y?authuser=0&hl=id&rclk=1	Soho Ebony, Jl. Laksamana Yos Sudarso Pantai Indah Kapuk PIK Blok A 15 & 16, Kamal Muara, Kecamatan Penjaringan, Jkt Utara, Daerah Khusus Ibukota Jakarta 14470	dealervinfastjakarta.com	14/08/2026 10:45:50
Dwi PUTRA	Showroom yg keren !	setahun lalu	5 bintang	ChZDSUhNMG9nS0VJQ0FnSUNmcE5lSmZ3EAE	-6.086098	106.733823	https://www.google.com/maps/place/Vinfast+PIK+Pantai+Indah+Kapuk/data=!4m7!3m6!1s0x2e6a1d1363e778cf:0x86f3fcbe16fe1845!8m2!3d-6.0860982!4d106.7338286!16s%2Fg%2F11vrr9fw4z!19sChIJz3jnYxMdai4RRRj-Fr7884Y?authuser=0&hl=id&rclk=1	Soho Ebony, Jl. Laksamana Yos Sudarso Pantai Indah Kapuk PIK Blok A 15 & 16, Kamal Muara, Kecamatan Penjaringan, Jkt Utara, Daerah Khusus Ibukota Jakarta 14470	dealervinfastjakarta.com	14/08/2026 10:45:50
joe hanz	Top dah pelayanan nya...	setahun lalu	5 bintang	ChdDSUhNMG9nS0VJQ0FnSUN2dnNiRDh3RRAB	-6.086098	106.733823	https://www.google.com/maps/place/Vinfast+PIK+Pantai+Indah+Kapuk/data=!4m7!3m6!1s0x2e6a1d1363e778cf:0x86f3fcbe16fe1845!8m2!3d-6.0860982!4d106.7338286!16s%2Fg%2F11vrr9fw4z!19sChIJz3jnYxMdai4RRRj-Fr7884Y?authuser=0&hl=id&rclk=1	Soho Ebony, Jl. Laksamana Yos Sudarso Pantai Indah Kapuk PIK Blok A 15 & 16, Kamal Muara, Kecamatan Penjaringan, Jkt Utara, Daerah Khusus Ibukota Jakarta 14470	dealervinfastjakarta.com	14/08/2026 10:45:50
Tri Nugroho	Top pelayanan nya	setahun lalu	5 bintang	ChZDSUhNMG9nS0VJQ0FnSUN2OVk3ZENBEAE	-6.086098	106.733823	https://www.google.com/maps/place/Vinfast+PIK+Pantai+Indah+Kapuk/data=!4m7!3m6!1s0x2e6a1d1363e778cf:0x86f3fcbe16fe1845!8m2!3d-6.0860982!4d106.7338286!16s%2Fg%2F11vrr9fw4z!19sChIJz3jnYxMdai4RRRj-Fr7884Y?authuser=0&hl=id&rclk=1	Soho Ebony, Jl. Laksamana Yos Sudarso Pantai Indah Kapuk PIK Blok A 15 & 16, Kamal Muara, Kecamatan Penjaringan, Jkt Utara, Daerah Khusus Ibukota Jakarta 14470	dealervinfastjakarta.com	14/08/2026 10:45:50
chandra lim	Layanan terbaik. best pokok.	setahun lalu	5 bintang	ChZDSUhNMG9nS0VJQ0FnSUR2OUt6UVBBEAE	-6.086098	106.733823	https://www.google.com/maps/place/Vinfast+PIK+Pantai+Indah+Kapuk/data=!4m7!3m6!1s0x2e6a1d1363e778cf:0x86f3fcbe16fe1845!8m2!3d-6.0860982!4d106.7338286!16s%2Fg%2F11vrr9fw4z!19sChIJz3jnYxMdai4RRRj-Fr7884Y?authuser=0&hl=id&rclk=1	Soho Ebony, Jl. Laksamana Yos Sudarso Pantai Indah Kapuk PIK Blok A 15 & 16, Kamal Muara, Kecamatan Penjaringan, Jkt Utara, Daerah Khusus Ibukota Jakarta 14470	dealervinfastjakarta.com	14/08/2026 10:45:50
Riyadi Harmianto	Ok dealer nyaman	setahun lalu	5 bintang	ChZDSUhNMG9nS0VJQ0FnSUNmN3NPNVh3EAE	-6.086098	106.733823	https://www.google.com/maps/place/Vinfast+PIK+Pantai+Indah+Kapuk/data=!4m7!3m6!1s0x2e6a1d1363e778cf:0x86f3fcbe16fe1845!8m2!3d-6.0860982!4d106.7338286!16s%2Fg%2F11vrr9fw4z!19sChIJz3jnYxMdai4RRRj-Fr7884Y?authuser=0&hl=id&rclk=1	Soho Ebony, Jl. Laksamana Yos Sudarso Pantai Indah Kapuk PIK Blok A 15 & 16, Kamal Muara, Kecamatan Penjaringan, Jkt Utara, Daerah Khusus Ibukota Jakarta 14470	dealervinfastjakarta.com	14/08/2026 10:45:50
Jacky Jacky	Pelayanan sangat memuaskan	setahun lalu	5 bintang	ChdDSUhNMG9nS0VJQ0FnSUN2dnRTU2dBRRAB	-6.086098	106.733823	https://www.google.com/maps/place/Vinfast+PIK+Pantai+Indah+Kapuk/data=!4m7!3m6!1s0x2e6a1d1363e778cf:0x86f3fcbe16fe1845!8m2!3d-6.0860982!4d106.7338286!16s%2Fg%2F11vrr9fw4z!19sChIJz3jnYxMdai4RRRj-Fr7884Y?authuser=0&hl=id&rclk=1	Soho Ebony, Jl. Laksamana Yos Sudarso Pantai Indah Kapuk PIK Blok A 15 & 16, Kamal Muara, Kecamatan Penjaringan, Jkt Utara, Daerah Khusus Ibukota Jakarta 14470	dealervinfastjakarta.com	14/08/2026 10:45:50
The Meihwa	Pelayanan nya sangan bagus	setahun lalu	5 bintang	ChZDSUhNMG9nS0VJQ0FnSUN2cnFMNkRnEAE	-6.086098	106.733823	https://www.google.com/maps/place/Vinfast+PIK+Pantai+Indah+Kapuk/data=!4m7!3m6!1s0x2e6a1d1363e778cf:0x86f3fcbe16fe1845!8m2!3d-6.0860982!4d106.7338286!16s%2Fg%2F11vrr9fw4z!19sChIJz3jnYxMdai4RRRj-Fr7884Y?authuser=0&hl=id&rclk=1	Soho Ebony, Jl. Laksamana Yos Sudarso Pantai Indah Kapuk PIK Blok A 15 & 16, Kamal Muara, Kecamatan Penjaringan, Jkt Utara, Daerah Khusus Ibukota Jakarta 14470	dealervinfastjakarta.com	14/08/2026 10:45:50
Duasembilan Empire	pelayanan bagus	setahun lalu	5 bintang	ChZDSUhNMG9nS0VJQ0FnSUN2bnBLcFdnEAE	-6.086098	106.733823	https://www.google.com/maps/place/Vinfast+PIK+Pantai+Indah+Kapuk/data=!4m7!3m6!1s0x2e6a1d1363e778cf:0x86f3fcbe16fe1845!8m2!3d-6.0860982!4d106.7338286!16s%2Fg%2F11vrr9fw4z!19sChIJz3jnYxMdai4RRRj-Fr7884Y?authuser=0&hl=id&rclk=1	Soho Ebony, Jl. Laksamana Yos Sudarso Pantai Indah Kapuk PIK Blok A 15 & 16, Kamal Muara, Kecamatan Penjaringan, Jkt Utara, Daerah Khusus Ibukota Jakarta 14470	dealervinfastjakarta.com	14/08/2026 10:45:50
Prianda Rifqi	Pelayanan ramah	setahun lalu	5 bintang	ChdDSUhNMG9nS0VJQ0FnSUNmM3JpdjJBRRAB	-6.086098	106.733823	https://www.google.com/maps/place/Vinfast+PIK+Pantai+Indah+Kapuk/data=!4m7!3m6!1s0x2e6a1d1363e778cf:0x86f3fcbe16fe1845!8m2!3d-6.0860982!4d106.7338286!16s%2Fg%2F11vrr9fw4z!19sChIJz3jnYxMdai4RRRj-Fr7884Y?authuser=0&hl=id&rclk=1	Soho Ebony, Jl. Laksamana Yos Sudarso Pantai Indah Kapuk PIK Blok A 15 & 16, Kamal Muara, Kecamatan Penjaringan, Jkt Utara, Daerah Khusus Ibukota Jakarta 14470	dealervinfastjakarta.com	14/08/2026 10:45:50
Zakia Subur	Pelayanan nya terbaiikkk 👍 …	setahun lalu	5 bintang	ChZDSUhNMG9nS0VJQ0FnSUR2NzRyQ1NnEAE	-6.086098	106.733823	https://www.google.com/maps/place/Vinfast+PIK+Pantai+Indah+Kapuk/data=!4m7!3m6!1s0x2e6a1d1363e778cf:0x86f3fcbe16fe1845!8m2!3d-6.0860982!4d106.7338286!16s%2Fg%2F11vrr9fw4z!19sChIJz3jnYxMdai4RRRj-Fr7884Y?authuser=0&hl=id&rclk=1	Soho Ebony, Jl. Laksamana Yos Sudarso Pantai Indah Kapuk PIK Blok A 15 & 16, Kamal Muara, Kecamatan Penjaringan, Jkt Utara, Daerah Khusus Ibukota Jakarta 14470	dealervinfastjakarta.com	14/08/2026 10:45:50
Hartono Mulyadi	mobil Vinfast dapat diandalkan & layak untuk dimiliki	setahun lalu	5 bintang	ChZDSUhNMG9nS0VJQ0FnSUN2X295SERBEAE	-6.086098	106.733823	https://www.google.com/maps/place/Vinfast+PIK+Pantai+Indah+Kapuk/data=!4m7!3m6!1s0x2e6a1d1363e778cf:0x86f3fcbe16fe1845!8m2!3d-6.0860982!4d106.7338286!16s%2Fg%2F11vrr9fw4z!19sChIJz3jnYxMdai4RRRj-Fr7884Y?authuser=0&hl=id&rclk=1	Soho Ebony, Jl. Laksamana Yos Sudarso Pantai Indah Kapuk PIK Blok A 15 & 16, Kamal Muara, Kecamatan Penjaringan, Jkt Utara, Daerah Khusus Ibukota Jakarta 14470	dealervinfastjakarta.com	14/08/2026 10:45:50
Felix yapto	Lokasi bagus , tempat oke	setahun lalu	5 bintang	ChZDSUhNMG9nS0VJQ0FnSUNfNHJDbVBREAE	-6.086098	106.733823	https://www.google.com/maps/place/Vinfast+PIK+Pantai+Indah+Kapuk/data=!4m7!3m6!1s0x2e6a1d1363e778cf:0x86f3fcbe16fe1845!8m2!3d-6.0860982!4d106.7338286!16s%2Fg%2F11vrr9fw4z!19sChIJz3jnYxMdai4RRRj-Fr7884Y?authuser=0&hl=id&rclk=1	Soho Ebony, Jl. Laksamana Yos Sudarso Pantai Indah Kapuk PIK Blok A 15 & 16, Kamal Muara, Kecamatan Penjaringan, Jkt Utara, Daerah Khusus Ibukota Jakarta 14470	dealervinfastjakarta.com	14/08/2026 10:45:50
Alvin Liauwputra	Pelaynan cepat servis baguss	setahun lalu	5 bintang	ChdDSUhNMG9nS0VJQ0FnSUN2aWNiVmlnRRAB	-6.086098	106.733823	https://www.google.com/maps/place/Vinfast+PIK+Pantai+Indah+Kapuk/data=!4m7!3m6!1s0x2e6a1d1363e778cf:0x86f3fcbe16fe1845!8m2!3d-6.0860982!4d106.7338286!16s%2Fg%2F11vrr9fw4z!19sChIJz3jnYxMdai4RRRj-Fr7884Y?authuser=0&hl=id&rclk=1	Soho Ebony, Jl. Laksamana Yos Sudarso Pantai Indah Kapuk PIK Blok A 15 & 16, Kamal Muara, Kecamatan Penjaringan, Jkt Utara, Daerah Khusus Ibukota Jakarta 14470	dealervinfastjakarta.com	14/08/2026 10:45:50
neas yunanda	Kerenn bangett top markotop	setahun lalu	5 bintang	ChdDSUhNMG9nS0VJQ0FnSUN2N3VISDFnRRAB	-6.086098	106.733823	https://www.google.com/maps/place/Vinfast+PIK+Pantai+Indah+Kapuk/data=!4m7!3m6!1s0x2e6a1d1363e778cf:0x86f3fcbe16fe1845!8m2!3d-6.0860982!4d106.7338286!16s%2Fg%2F11vrr9fw4z!19sChIJz3jnYxMdai4RRRj-Fr7884Y?authuser=0&hl=id&rclk=1	Soho Ebony, Jl. Laksamana Yos Sudarso Pantai Indah Kapuk PIK Blok A 15 & 16, Kamal Muara, Kecamatan Penjaringan, Jkt Utara, Daerah Khusus Ibukota Jakarta 14470	dealervinfastjakarta.com	14/08/2026 10:45:50
Kevin Salim	Salesnya baik dan ramah	setahun lalu	5 bintang	ChdDSUhNMG9nS0VJQ0FnSUN2em9HY3F3RRAB	-6.086098	106.733823	https://www.google.com/maps/place/Vinfast+PIK+Pantai+Indah+Kapuk/data=!4m7!3m6!1s0x2e6a1d1363e778cf:0x86f3fcbe16fe1845!8m2!3d-6.0860982!4d106.7338286!16s%2Fg%2F11vrr9fw4z!19sChIJz3jnYxMdai4RRRj-Fr7884Y?authuser=0&hl=id&rclk=1	Soho Ebony, Jl. Laksamana Yos Sudarso Pantai Indah Kapuk PIK Blok A 15 & 16, Kamal Muara, Kecamatan Penjaringan, Jkt Utara, Daerah Khusus Ibukota Jakarta 14470	dealervinfastjakarta.com	14/08/2026 10:45:50
Dewi Ayulestari	Pelayanan yang sangat baikkkk	setahun lalu	5 bintang	ChdDSUhNMG9nS0VJQ0FnSUR2dk5hcWdnRRAB	-6.086098	106.733823	https://www.google.com/maps/place/Vinfast+PIK+Pantai+Indah+Kapuk/data=!4m7!3m6!1s0x2e6a1d1363e778cf:0x86f3fcbe16fe1845!8m2!3d-6.0860982!4d106.7338286!16s%2Fg%2F11vrr9fw4z!19sChIJz3jnYxMdai4RRRj-Fr7884Y?authuser=0&hl=id&rclk=1	Soho Ebony, Jl. Laksamana Yos Sudarso Pantai Indah Kapuk PIK Blok A 15 & 16, Kamal Muara, Kecamatan Penjaringan, Jkt Utara, Daerah Khusus Ibukota Jakarta 14470	dealervinfastjakarta.com	14/08/2026 10:45:50
Erica S	Vinfast PIK oke banget pelayanan nya	setahun lalu	5 bintang	ChZDSUhNMG9nS0VJQ0FnSUN2eWN2bWR3EAE	-6.086098	106.733823	https://www.google.com/maps/place/Vinfast+PIK+Pantai+Indah+Kapuk/data=!4m7!3m6!1s0x2e6a1d1363e778cf:0x86f3fcbe16fe1845!8m2!3d-6.0860982!4d106.7338286!16s%2Fg%2F11vrr9fw4z!19sChIJz3jnYxMdai4RRRj-Fr7884Y?authuser=0&hl=id&rclk=1	Soho Ebony, Jl. Laksamana Yos Sudarso Pantai Indah Kapuk PIK Blok A 15 & 16, Kamal Muara, Kecamatan Penjaringan, Jkt Utara, Daerah Khusus Ibukota Jakarta 14470	dealervinfastjakarta.com	14/08/2026 10:45:50
Dedie dr	Mantap Bro Fandy	setahun lalu	5 bintang	ChdDSUhNMG9nS0VJQ0FnSUN2aWRQLXhRRRAB	-6.086098	106.733823	https://www.google.com/maps/place/Vinfast+PIK+Pantai+Indah+Kapuk/data=!4m7!3m6!1s0x2e6a1d1363e778cf:0x86f3fcbe16fe1845!8m2!3d-6.0860982!4d106.7338286!16s%2Fg%2F11vrr9fw4z!19sChIJz3jnYxMdai4RRRj-Fr7884Y?authuser=0&hl=id&rclk=1	Soho Ebony, Jl. Laksamana Yos Sudarso Pantai Indah Kapuk PIK Blok A 15 & 16, Kamal Muara, Kecamatan Penjaringan, Jkt Utara, Daerah Khusus Ibukota Jakarta 14470	dealervinfastjakarta.com	14/08/2026 10:45:50
Nilam Puspa	Keren sekali 😍 …	setahun lalu	5 bintang	ChdDSUhNMG9nS0VJQ0FnSUN2N3RucXRRRRAB	-6.086098	106.733823	https://www.google.com/maps/place/Vinfast+PIK+Pantai+Indah+Kapuk/data=!4m7!3m6!1s0x2e6a1d1363e778cf:0x86f3fcbe16fe1845!8m2!3d-6.0860982!4d106.7338286!16s%2Fg%2F11vrr9fw4z!19sChIJz3jnYxMdai4RRRj-Fr7884Y?authuser=0&hl=id&rclk=1	Soho Ebony, Jl. Laksamana Yos Sudarso Pantai Indah Kapuk PIK Blok A 15 & 16, Kamal Muara, Kecamatan Penjaringan, Jkt Utara, Daerah Khusus Ibukota Jakarta 14470	dealervinfastjakarta.com	14/08/2026 10:45:50
Yandy Lim	pelayanan ramah	setahun lalu	5 bintang	ChdDSUhNMG9nS0VJQ0FnSUR2Z05yVHVnRRAB	-6.086098	106.733823	https://www.google.com/maps/place/Vinfast+PIK+Pantai+Indah+Kapuk/data=!4m7!3m6!1s0x2e6a1d1363e778cf:0x86f3fcbe16fe1845!8m2!3d-6.0860982!4d106.7338286!16s%2Fg%2F11vrr9fw4z!19sChIJz3jnYxMdai4RRRj-Fr7884Y?authuser=0&hl=id&rclk=1	Soho Ebony, Jl. Laksamana Yos Sudarso Pantai Indah Kapuk PIK Blok A 15 & 16, Kamal Muara, Kecamatan Penjaringan, Jkt Utara, Daerah Khusus Ibukota Jakarta 14470	dealervinfastjakarta.com	14/08/2026 10:45:50
Gerry Lim Gerry	Dealer VinFast terpercaya 👍👍👍 …	setahun lalu	5 bintang	ChZDSUhNMG9nS0VJQ0FnSUNmN3JYdUhnEAE	-6.086098	106.733823	https://www.google.com/maps/place/Vinfast+PIK+Pantai+Indah+Kapuk/data=!4m7!3m6!1s0x2e6a1d1363e778cf:0x86f3fcbe16fe1845!8m2!3d-6.0860982!4d106.7338286!16s%2Fg%2F11vrr9fw4z!19sChIJz3jnYxMdai4RRRj-Fr7884Y?authuser=0&hl=id&rclk=1	Soho Ebony, Jl. Laksamana Yos Sudarso Pantai Indah Kapuk PIK Blok A 15 & 16, Kamal Muara, Kecamatan Penjaringan, Jkt Utara, Daerah Khusus Ibukota Jakarta 14470	dealervinfastjakarta.com	14/08/2026 10:45:50
Chandra Oktavianus	Sangat membantu mantap	setahun lalu	5 bintang	ChZDSUhNMG9nS0VJQ0FnSUN2aVl2LWVREAE	-6.086098	106.733823	https://www.google.com/maps/place/Vinfast+PIK+Pantai+Indah+Kapuk/data=!4m7!3m6!1s0x2e6a1d1363e778cf:0x86f3fcbe16fe1845!8m2!3d-6.0860982!4d106.7338286!16s%2Fg%2F11vrr9fw4z!19sChIJz3jnYxMdai4RRRj-Fr7884Y?authuser=0&hl=id&rclk=1	Soho Ebony, Jl. Laksamana Yos Sudarso Pantai Indah Kapuk PIK Blok A 15 & 16, Kamal Muara, Kecamatan Penjaringan, Jkt Utara, Daerah Khusus Ibukota Jakarta 14470	dealervinfastjakarta.com	14/08/2026 10:45:50
Tata Anita	Terbaik	setahun lalu	5 bintang	ChdDSUhNMG9nS0VJQ0FnSURmbmY2TThRRRAB	-6.086098	106.733823	https://www.google.com/maps/place/Vinfast+PIK+Pantai+Indah+Kapuk/data=!4m7!3m6!1s0x2e6a1d1363e778cf:0x86f3fcbe16fe1845!8m2!3d-6.0860982!4d106.7338286!16s%2Fg%2F11vrr9fw4z!19sChIJz3jnYxMdai4RRRj-Fr7884Y?authuser=0&hl=id&rclk=1	Soho Ebony, Jl. Laksamana Yos Sudarso Pantai Indah Kapuk PIK Blok A 15 & 16, Kamal Muara, Kecamatan Penjaringan, Jkt Utara, Daerah Khusus Ibukota Jakarta 14470	dealervinfastjakarta.com	14/08/2026 10:45:50
Leo Hendrik Ranti	Semuaaa ok banget...	setahun lalu	5 bintang	ChZDSUhNMG9nS0VJQ0FnSUN2N3Uza0t3EAE	-6.086098	106.733823	https://www.google.com/maps/place/Vinfast+PIK+Pantai+Indah+Kapuk/data=!4m7!3m6!1s0x2e6a1d1363e778cf:0x86f3fcbe16fe1845!8m2!3d-6.0860982!4d106.7338286!16s%2Fg%2F11vrr9fw4z!19sChIJz3jnYxMdai4RRRj-Fr7884Y?authuser=0&hl=id&rclk=1	Soho Ebony, Jl. Laksamana Yos Sudarso Pantai Indah Kapuk PIK Blok A 15 & 16, Kamal Muara, Kecamatan Penjaringan, Jkt Utara, Daerah Khusus Ibukota Jakarta 14470	dealervinfastjakarta.com	14/08/2026 10:45:50
Hasan Oktavianus	Keren tempat terjangkau	setahun lalu	5 bintang	ChdDSUhNMG9nS0VJQ0FnSURfZ2NTMzNRRRAB	-6.086098	106.733823	https://www.google.com/maps/place/Vinfast+PIK+Pantai+Indah+Kapuk/data=!4m7!3m6!1s0x2e6a1d1363e778cf:0x86f3fcbe16fe1845!8m2!3d-6.0860982!4d106.7338286!16s%2Fg%2F11vrr9fw4z!19sChIJz3jnYxMdai4RRRj-Fr7884Y?authuser=0&hl=id&rclk=1	Soho Ebony, Jl. Laksamana Yos Sudarso Pantai Indah Kapuk PIK Blok A 15 & 16, Kamal Muara, Kecamatan Penjaringan, Jkt Utara, Daerah Khusus Ibukota Jakarta 14470	dealervinfastjakarta.com	14/08/2026 10:45:50
mitha indah sari	Terbaik dan terpercaya	setahun lalu	5 bintang	ChdDSUhNMG9nS0VJQ0FnSUR2ejkzdjVBRRAB	-6.086098	106.733823	https://www.google.com/maps/place/Vinfast+PIK+Pantai+Indah+Kapuk/data=!4m7!3m6!1s0x2e6a1d1363e778cf:0x86f3fcbe16fe1845!8m2!3d-6.0860982!4d106.7338286!16s%2Fg%2F11vrr9fw4z!19sChIJz3jnYxMdai4RRRj-Fr7884Y?authuser=0&hl=id&rclk=1	Soho Ebony, Jl. Laksamana Yos Sudarso Pantai Indah Kapuk PIK Blok A 15 & 16, Kamal Muara, Kecamatan Penjaringan, Jkt Utara, Daerah Khusus Ibukota Jakarta 14470	dealervinfastjakarta.com	14/08/2026 10:45:50
Jimmy Neutron	Bagus banget 🤙🏻 …	setahun lalu	5 bintang	ChdDSUhNMG9nS0VJQ0FnSUNfcktyRmlBRRAB	-6.086098	106.733823	https://www.google.com/maps/place/Vinfast+PIK+Pantai+Indah+Kapuk/data=!4m7!3m6!1s0x2e6a1d1363e778cf:0x86f3fcbe16fe1845!8m2!3d-6.0860982!4d106.7338286!16s%2Fg%2F11vrr9fw4z!19sChIJz3jnYxMdai4RRRj-Fr7884Y?authuser=0&hl=id&rclk=1	Soho Ebony, Jl. Laksamana Yos Sudarso Pantai Indah Kapuk PIK Blok A 15 & 16, Kamal Muara, Kecamatan Penjaringan, Jkt Utara, Daerah Khusus Ibukota Jakarta 14470	dealervinfastjakarta.com	14/08/2026 10:45:50
Khayrunnisa Husen	Ramah	setahun lalu	5 bintang	ChdDSUhNMG9nS0VJQ0FnSURmM1lma3hBRRAB	-6.086098	106.733823	https://www.google.com/maps/place/Vinfast+PIK+Pantai+Indah+Kapuk/data=!4m7!3m6!1s0x2e6a1d1363e778cf:0x86f3fcbe16fe1845!8m2!3d-6.0860982!4d106.7338286!16s%2Fg%2F11vrr9fw4z!19sChIJz3jnYxMdai4RRRj-Fr7884Y?authuser=0&hl=id&rclk=1	Soho Ebony, Jl. Laksamana Yos Sudarso Pantai Indah Kapuk PIK Blok A 15 & 16, Kamal Muara, Kecamatan Penjaringan, Jkt Utara, Daerah Khusus Ibukota Jakarta 14470	dealervinfastjakarta.com	14/08/2026 10:45:50
Ariestya Nugraha	Bagus	setahun lalu	5 bintang	ChdDSUhNMG9nS0VJQ0FnSURmNzlyMzl3RRAB	-6.086098	106.733823	https://www.google.com/maps/place/Vinfast+PIK+Pantai+Indah+Kapuk/data=!4m7!3m6!1s0x2e6a1d1363e778cf:0x86f3fcbe16fe1845!8m2!3d-6.0860982!4d106.7338286!16s%2Fg%2F11vrr9fw4z!19sChIJz3jnYxMdai4RRRj-Fr7884Y?authuser=0&hl=id&rclk=1	Soho Ebony, Jl. Laksamana Yos Sudarso Pantai Indah Kapuk PIK Blok A 15 & 16, Kamal Muara, Kecamatan Penjaringan, Jkt Utara, Daerah Khusus Ibukota Jakarta 14470	dealervinfastjakarta.com	14/08/2026 10:45:50
Ismail Sholeh	Mantapp	setahun lalu	5 bintang	ChZDSUhNMG9nS0VJQ0FnSUN2OVo3SlZ3EAE	-6.086098	106.733823	https://www.google.com/maps/place/Vinfast+PIK+Pantai+Indah+Kapuk/data=!4m7!3m6!1s0x2e6a1d1363e778cf:0x86f3fcbe16fe1845!8m2!3d-6.0860982!4d106.7338286!16s%2Fg%2F11vrr9fw4z!19sChIJz3jnYxMdai4RRRj-Fr7884Y?authuser=0&hl=id&rclk=1	Soho Ebony, Jl. Laksamana Yos Sudarso Pantai Indah Kapuk PIK Blok A 15 & 16, Kamal Muara, Kecamatan Penjaringan, Jkt Utara, Daerah Khusus Ibukota Jakarta 14470	dealervinfastjakarta.com	14/08/2026 10:45:50
KANG BUDI	Keren	setahun lalu	5 bintang	ChZDSUhNMG9nS0VJQ0FnSUNmN29lMUJ3EAE	-6.086098	106.733823	https://www.google.com/maps/place/Vinfast+PIK+Pantai+Indah+Kapuk/data=!4m7!3m6!1s0x2e6a1d1363e778cf:0x86f3fcbe16fe1845!8m2!3d-6.0860982!4d106.7338286!16s%2Fg%2F11vrr9fw4z!19sChIJz3jnYxMdai4RRRj-Fr7884Y?authuser=0&hl=id&rclk=1	Soho Ebony, Jl. Laksamana Yos Sudarso Pantai Indah Kapuk PIK Blok A 15 & 16, Kamal Muara, Kecamatan Penjaringan, Jkt Utara, Daerah Khusus Ibukota Jakarta 14470	dealervinfastjakarta.com	14/08/2026 10:45:50
harsono sono	Mantappp👍👍👍 …	setahun lalu	5 bintang	ChZDSUhNMG9nS0VJQ0FnSUNmM3ZUa0VBEAE	-6.086098	106.733823	https://www.google.com/maps/place/Vinfast+PIK+Pantai+Indah+Kapuk/data=!4m7!3m6!1s0x2e6a1d1363e778cf:0x86f3fcbe16fe1845!8m2!3d-6.0860982!4d106.7338286!16s%2Fg%2F11vrr9fw4z!19sChIJz3jnYxMdai4RRRj-Fr7884Y?authuser=0&hl=id&rclk=1	Soho Ebony, Jl. Laksamana Yos Sudarso Pantai Indah Kapuk PIK Blok A 15 & 16, Kamal Muara, Kecamatan Penjaringan, Jkt Utara, Daerah Khusus Ibukota Jakarta 14470	dealervinfastjakarta.com	14/08/2026 10:45:50
Devan Setiawan	bagus	setahun lalu	5 bintang	ChZDSUhNMG9nS0VJQ0FnSUN2N3V6V2NREAE	-6.086098	106.733823	https://www.google.com/maps/place/Vinfast+PIK+Pantai+Indah+Kapuk/data=!4m7!3m6!1s0x2e6a1d1363e778cf:0x86f3fcbe16fe1845!8m2!3d-6.0860982!4d106.7338286!16s%2Fg%2F11vrr9fw4z!19sChIJz3jnYxMdai4RRRj-Fr7884Y?authuser=0&hl=id&rclk=1	Soho Ebony, Jl. Laksamana Yos Sudarso Pantai Indah Kapuk PIK Blok A 15 & 16, Kamal Muara, Kecamatan Penjaringan, Jkt Utara, Daerah Khusus Ibukota Jakarta 14470	dealervinfastjakarta.com	14/08/2026 10:45:50
Arief M	"Pelayanan ok
Fasilitas ok"	3 bulan lalu	5 bintang	Ci9DQUlRQUNvZENodHljRjlvT2twQk5uRm1VMDh0UWxWc2NXUTJibGR5VjNablEzYxAB	-6.086098	106.733823	https://www.google.com/maps/place/Vinfast+PIK+Pantai+Indah+Kapuk/data=!4m7!3m6!1s0x2e6a1d1363e778cf:0x86f3fcbe16fe1845!8m2!3d-6.0860982!4d106.7338286!16s%2Fg%2F11vrr9fw4z!19sChIJz3jnYxMdai4RRRj-Fr7884Y?authuser=0&hl=id&rclk=1	Soho Ebony, Jl. Laksamana Yos Sudarso Pantai Indah Kapuk PIK Blok A 15 & 16, Kamal Muara, Kecamatan Penjaringan, Jkt Utara, Daerah Khusus Ibukota Jakarta 14470	dealervinfastjakarta.com	14/08/2026 10:45:50
reza andrean	Showroomnya oke, harganya juga murah.	setahun lalu	5 bintang	ChdDSUhNMG9nS0VJQ0FnSUN2dXVyTjlBRRAB	-6.086098	106.733823	https://www.google.com/maps/place/Vinfast+PIK+Pantai+Indah+Kapuk/data=!4m7!3m6!1s0x2e6a1d1363e778cf:0x86f3fcbe16fe1845!8m2!3d-6.0860982!4d106.7338286!16s%2Fg%2F11vrr9fw4z!19sChIJz3jnYxMdai4RRRj-Fr7884Y?authuser=0&hl=id&rclk=1	Soho Ebony, Jl. Laksamana Yos Sudarso Pantai Indah Kapuk PIK Blok A 15 & 16, Kamal Muara, Kecamatan Penjaringan, Jkt Utara, Daerah Khusus Ibukota Jakarta 14470	dealervinfastjakarta.com	14/08/2026 10:45:50
dra 14	Pelayanan terbaik dari Peter sebagai tenaga penjualan. Pengetahuan produk yang baik.	setahun lalu	5 bintang	ChdDSUhNMG9nS0VJQ0FnSUN2aWNlUjhBRRAB	-6.086098	106.733823	https://www.google.com/maps/place/Vinfast+PIK+Pantai+Indah+Kapuk/data=!4m7!3m6!1s0x2e6a1d1363e778cf:0x86f3fcbe16fe1845!8m2!3d-6.0860982!4d106.7338286!16s%2Fg%2F11vrr9fw4z!19sChIJz3jnYxMdai4RRRj-Fr7884Y?authuser=0&hl=id&rclk=1	Soho Ebony, Jl. Laksamana Yos Sudarso Pantai Indah Kapuk PIK Blok A 15 & 16, Kamal Muara, Kecamatan Penjaringan, Jkt Utara, Daerah Khusus Ibukota Jakarta 14470	dealervinfastjakarta.com	14/08/2026 10:45:50
Prisilia Sari	Tempat yang bagus untuk dikunjungi dan terima kasih atas pelayanannya!	setahun lalu	5 bintang	ChdDSUhNMG9nS0VJQ0FnSUN2cnNuNGt3RRAB	-6.086098	106.733823	https://www.google.com/maps/place/Vinfast+PIK+Pantai+Indah+Kapuk/data=!4m7!3m6!1s0x2e6a1d1363e778cf:0x86f3fcbe16fe1845!8m2!3d-6.0860982!4d106.7338286!16s%2Fg%2F11vrr9fw4z!19sChIJz3jnYxMdai4RRRj-Fr7884Y?authuser=0&hl=id&rclk=1	Soho Ebony, Jl. Laksamana Yos Sudarso Pantai Indah Kapuk PIK Blok A 15 & 16, Kamal Muara, Kecamatan Penjaringan, Jkt Utara, Daerah Khusus Ibukota Jakarta 14470	dealervinfastjakarta.com	14/08/2026 10:45:50
Zaen Finance Planner	Dealer Bagus, Pelayanan Bagus, Kerja Bagus	setahun lalu	5 bintang	ChdDSUhNMG9nS0VJQ0FnSURmbjZMSXFnRRAB	-6.086098	106.733823	https://www.google.com/maps/place/Vinfast+PIK+Pantai+Indah+Kapuk/data=!4m7!3m6!1s0x2e6a1d1363e778cf:0x86f3fcbe16fe1845!8m2!3d-6.0860982!4d106.7338286!16s%2Fg%2F11vrr9fw4z!19sChIJz3jnYxMdai4RRRj-Fr7884Y?authuser=0&hl=id&rclk=1	Soho Ebony, Jl. Laksamana Yos Sudarso Pantai Indah Kapuk PIK Blok A 15 & 16, Kamal Muara, Kecamatan Penjaringan, Jkt Utara, Daerah Khusus Ibukota Jakarta 14470	dealervinfastjakarta.com	14/08/2026 10:45:50
Wisnu Kurniawan	Luuaaarrrrr biaaaaaaaa jossss...	setahun lalu	5 bintang	ChZDSUhNMG9nS0VJQ0FnSUN2N3VUUmVnEAE	-6.086098	106.733823	https://www.google.com/maps/place/Vinfast+PIK+Pantai+Indah+Kapuk/data=!4m7!3m6!1s0x2e6a1d1363e778cf:0x86f3fcbe16fe1845!8m2!3d-6.0860982!4d106.7338286!16s%2Fg%2F11vrr9fw4z!19sChIJz3jnYxMdai4RRRj-Fr7884Y?authuser=0&hl=id&rclk=1	Soho Ebony, Jl. Laksamana Yos Sudarso Pantai Indah Kapuk PIK Blok A 15 & 16, Kamal Muara, Kecamatan Penjaringan, Jkt Utara, Daerah Khusus Ibukota Jakarta 14470	dealervinfastjakarta.com	14/08/2026 10:45:50
Julian lim	Mantap vinvast	setahun lalu	5 bintang	ChdDSUhNMG9nS0VJQ0FnSURmbjhpdTJnRRAB	-6.086098	106.733823	https://www.google.com/maps/place/Vinfast+PIK+Pantai+Indah+Kapuk/data=!4m7!3m6!1s0x2e6a1d1363e778cf:0x86f3fcbe16fe1845!8m2!3d-6.0860982!4d106.7338286!16s%2Fg%2F11vrr9fw4z!19sChIJz3jnYxMdai4RRRj-Fr7884Y?authuser=0&hl=id&rclk=1	Soho Ebony, Jl. Laksamana Yos Sudarso Pantai Indah Kapuk PIK Blok A 15 & 16, Kamal Muara, Kecamatan Penjaringan, Jkt Utara, Daerah Khusus Ibukota Jakarta 14470	dealervinfastjakarta.com	14/08/2026 10:45:50
Haryadi Adi	Luar biasa 👍 …	setahun lalu	5 bintang	ChZDSUhNMG9nS0VJQ0FnSUR2Z09pVFR3EAE	-6.086098	106.733823	https://www.google.com/maps/place/Vinfast+PIK+Pantai+Indah+Kapuk/data=!4m7!3m6!1s0x2e6a1d1363e778cf:0x86f3fcbe16fe1845!8m2!3d-6.0860982!4d106.7338286!16s%2Fg%2F11vrr9fw4z!19sChIJz3jnYxMdai4RRRj-Fr7884Y?authuser=0&hl=id&rclk=1	Soho Ebony, Jl. Laksamana Yos Sudarso Pantai Indah Kapuk PIK Blok A 15 & 16, Kamal Muara, Kecamatan Penjaringan, Jkt Utara, Daerah Khusus Ibukota Jakarta 14470	dealervinfastjakarta.com	14/08/2026 10:45:50
Herry Chairudin	Tempat yang bagus dan nyaman.	setahun lalu	5 bintang	ChdDSUhNMG9nS0VJQ0FnSUN2bnFDRHRnRRAB	-6.086098	106.733823	https://www.google.com/maps/place/Vinfast+PIK+Pantai+Indah+Kapuk/data=!4m7!3m6!1s0x2e6a1d1363e778cf:0x86f3fcbe16fe1845!8m2!3d-6.0860982!4d106.7338286!16s%2Fg%2F11vrr9fw4z!19sChIJz3jnYxMdai4RRRj-Fr7884Y?authuser=0&hl=id&rclk=1	Soho Ebony, Jl. Laksamana Yos Sudarso Pantai Indah Kapuk PIK Blok A 15 & 16, Kamal Muara, Kecamatan Penjaringan, Jkt Utara, Daerah Khusus Ibukota Jakarta 14470	dealervinfastjakarta.com	14/08/2026 10:45:50
Piter Harvianto		Diedit setahun lalu	5 bintang	ChdDSUhNMG9nS0VJQ0FnSUN2dXBXNjB3RRAB	-6.086098	106.733823	https://www.google.com/maps/place/Vinfast+PIK+Pantai+Indah+Kapuk/data=!4m7!3m6!1s0x2e6a1d1363e778cf:0x86f3fcbe16fe1845!8m2!3d-6.0860982!4d106.7338286!16s%2Fg%2F11vrr9fw4z!19sChIJz3jnYxMdai4RRRj-Fr7884Y?authuser=0&hl=id&rclk=1	Soho Ebony, Jl. Laksamana Yos Sudarso Pantai Indah Kapuk PIK Blok A 15 & 16, Kamal Muara, Kecamatan Penjaringan, Jkt Utara, Daerah Khusus Ibukota Jakarta 14470	dealervinfastjakarta.com	14/08/2026 10:45:50
Mar Juki	Keren	setahun lalu	5 bintang	ChZDSUhNMG9nS0VJQ0FnSUN2dnZpS0FREAE	-6.086098	106.733823	https://www.google.com/maps/place/Vinfast+PIK+Pantai+Indah+Kapuk/data=!4m7!3m6!1s0x2e6a1d1363e778cf:0x86f3fcbe16fe1845!8m2!3d-6.0860982!4d106.7338286!16s%2Fg%2F11vrr9fw4z!19sChIJz3jnYxMdai4RRRj-Fr7884Y?authuser=0&hl=id&rclk=1	Soho Ebony, Jl. Laksamana Yos Sudarso Pantai Indah Kapuk PIK Blok A 15 & 16, Kamal Muara, Kecamatan Penjaringan, Jkt Utara, Daerah Khusus Ibukota Jakarta 14470	dealervinfastjakarta.com	14/08/2026 10:45:50
chika ristysuatantri	Bagus	setahun lalu	5 bintang	ChZDSUhNMG9nS0VJQ0FnSURfN0lxT2VnEAE	-6.086098	106.733823	https://www.google.com/maps/place/Vinfast+PIK+Pantai+Indah+Kapuk/data=!4m7!3m6!1s0x2e6a1d1363e778cf:0x86f3fcbe16fe1845!8m2!3d-6.0860982!4d106.7338286!16s%2Fg%2F11vrr9fw4z!19sChIJz3jnYxMdai4RRRj-Fr7884Y?authuser=0&hl=id&rclk=1	Soho Ebony, Jl. Laksamana Yos Sudarso Pantai Indah Kapuk PIK Blok A 15 & 16, Kamal Muara, Kecamatan Penjaringan, Jkt Utara, Daerah Khusus Ibukota Jakarta 14470	dealervinfastjakarta.com	14/08/2026 10:45:50
fredik primoda	Dealer yang Baik	setahun lalu	5 bintang	ChZDSUhNMG9nS0VJQ0FnSUN2aVo3UkRBEAE	-6.086098	106.733823	https://www.google.com/maps/place/Vinfast+PIK+Pantai+Indah+Kapuk/data=!4m7!3m6!1s0x2e6a1d1363e778cf:0x86f3fcbe16fe1845!8m2!3d-6.0860982!4d106.7338286!16s%2Fg%2F11vrr9fw4z!19sChIJz3jnYxMdai4RRRj-Fr7884Y?authuser=0&hl=id&rclk=1	Soho Ebony, Jl. Laksamana Yos Sudarso Pantai Indah Kapuk PIK Blok A 15 & 16, Kamal Muara, Kecamatan Penjaringan, Jkt Utara, Daerah Khusus Ibukota Jakarta 14470	dealervinfastjakarta.com	14/08/2026 10:45:50
Charles Setiawan	Keren vinfast pik	setahun lalu	5 bintang	ChdDSUhNMG9nS0VJQ0FnSUN2N3Y3YW9BRRAB	-6.086098	106.733823	https://www.google.com/maps/place/Vinfast+PIK+Pantai+Indah+Kapuk/data=!4m7!3m6!1s0x2e6a1d1363e778cf:0x86f3fcbe16fe1845!8m2!3d-6.0860982!4d106.7338286!16s%2Fg%2F11vrr9fw4z!19sChIJz3jnYxMdai4RRRj-Fr7884Y?authuser=0&hl=id&rclk=1	Soho Ebony, Jl. Laksamana Yos Sudarso Pantai Indah Kapuk PIK Blok A 15 & 16, Kamal Muara, Kecamatan Penjaringan, Jkt Utara, Daerah Khusus Ibukota Jakarta 14470	dealervinfastjakarta.com	14/08/2026 10:45:50
Aditya Acccs	Rekomendasikan dealer Vinfast	setahun lalu	5 bintang	ChdDSUhNMG9nS0VJQ0FnSUR2Z01qbjJnRRAB	-6.086098	106.733823	https://www.google.com/maps/place/Vinfast+PIK+Pantai+Indah+Kapuk/data=!4m7!3m6!1s0x2e6a1d1363e778cf:0x86f3fcbe16fe1845!8m2!3d-6.0860982!4d106.7338286!16s%2Fg%2F11vrr9fw4z!19sChIJz3jnYxMdai4RRRj-Fr7884Y?authuser=0&hl=id&rclk=1	Soho Ebony, Jl. Laksamana Yos Sudarso Pantai Indah Kapuk PIK Blok A 15 & 16, Kamal Muara, Kecamatan Penjaringan, Jkt Utara, Daerah Khusus Ibukota Jakarta 14470	dealervinfastjakarta.com	14/08/2026 10:45:50
jhone Trapoth		setahun lalu	5 bintang	ChdDSUhNMG9nS0VJQ0FnSUN2enZ1NGdRRRAB	-6.086098	106.733823	https://www.google.com/maps/place/Vinfast+PIK+Pantai+Indah+Kapuk/data=!4m7!3m6!1s0x2e6a1d1363e778cf:0x86f3fcbe16fe1845!8m2!3d-6.0860982!4d106.7338286!16s%2Fg%2F11vrr9fw4z!19sChIJz3jnYxMdai4RRRj-Fr7884Y?authuser=0&hl=id&rclk=1	Soho Ebony, Jl. Laksamana Yos Sudarso Pantai Indah Kapuk PIK Blok A 15 & 16, Kamal Muara, Kecamatan Penjaringan, Jkt Utara, Daerah Khusus Ibukota Jakarta 14470	dealervinfastjakarta.com	14/08/2026 10:45:50
tyas afandi	Vinfast stabil.	setahun lalu	5 bintang	ChdDSUhNMG9nS0VJQ0FnSUN2dnZLcF9nRRAB	-6.086098	106.733823	https://www.google.com/maps/place/Vinfast+PIK+Pantai+Indah+Kapuk/data=!4m7!3m6!1s0x2e6a1d1363e778cf:0x86f3fcbe16fe1845!8m2!3d-6.0860982!4d106.7338286!16s%2Fg%2F11vrr9fw4z!19sChIJz3jnYxMdai4RRRj-Fr7884Y?authuser=0&hl=id&rclk=1	Soho Ebony, Jl. Laksamana Yos Sudarso Pantai Indah Kapuk PIK Blok A 15 & 16, Kamal Muara, Kecamatan Penjaringan, Jkt Utara, Daerah Khusus Ibukota Jakarta 14470	dealervinfastjakarta.com	14/08/2026 10:45:50
Hoggy Willim	PENJUAL YANG BAIK	setahun lalu	5 bintang	ChdDSUhNMG9nS0VJQ0FnSUR2bjVDSWhnRRAB	-6.086098	106.733823	https://www.google.com/maps/place/Vinfast+PIK+Pantai+Indah+Kapuk/data=!4m7!3m6!1s0x2e6a1d1363e778cf:0x86f3fcbe16fe1845!8m2!3d-6.0860982!4d106.7338286!16s%2Fg%2F11vrr9fw4z!19sChIJz3jnYxMdai4RRRj-Fr7884Y?authuser=0&hl=id&rclk=1	Soho Ebony, Jl. Laksamana Yos Sudarso Pantai Indah Kapuk PIK Blok A 15 & 16, Kamal Muara, Kecamatan Penjaringan, Jkt Utara, Daerah Khusus Ibukota Jakarta 14470	dealervinfastjakarta.com	14/08/2026 10:45:50
randi cavinus		setahun lalu	5 bintang	ChdDSUhNMG9nS0VJQ0FnSURfaWFXYTFBRRAB	-6.086098	106.733823	https://www.google.com/maps/place/Vinfast+PIK+Pantai+Indah+Kapuk/data=!4m7!3m6!1s0x2e6a1d1363e778cf:0x86f3fcbe16fe1845!8m2!3d-6.0860982!4d106.7338286!16s%2Fg%2F11vrr9fw4z!19sChIJz3jnYxMdai4RRRj-Fr7884Y?authuser=0&hl=id&rclk=1	Soho Ebony, Jl. Laksamana Yos Sudarso Pantai Indah Kapuk PIK Blok A 15 & 16, Kamal Muara, Kecamatan Penjaringan, Jkt Utara, Daerah Khusus Ibukota Jakarta 14470	dealervinfastjakarta.com	14/08/2026 10:45:50
Helmi Murdani		setahun lalu	5 bintang	ChdDSUhNMG9nS0VJQ0FnSURmNzRHWXJnRRAB	-6.086098	106.733823	https://www.google.com/maps/place/Vinfast+PIK+Pantai+Indah+Kapuk/data=!4m7!3m6!1s0x2e6a1d1363e778cf:0x86f3fcbe16fe1845!8m2!3d-6.0860982!4d106.7338286!16s%2Fg%2F11vrr9fw4z!19sChIJz3jnYxMdai4RRRj-Fr7884Y?authuser=0&hl=id&rclk=1	Soho Ebony, Jl. Laksamana Yos Sudarso Pantai Indah Kapuk PIK Blok A 15 & 16, Kamal Muara, Kecamatan Penjaringan, Jkt Utara, Daerah Khusus Ibukota Jakarta 14470	dealervinfastjakarta.com	14/08/2026 10:45:50
Adryan Ryan		setahun lalu	5 bintang	ChdDSUhNMG9nS0VJQ0FnSURmNjdQWGhBRRAB	-6.086098	106.733823	https://www.google.com/maps/place/Vinfast+PIK+Pantai+Indah+Kapuk/data=!4m7!3m6!1s0x2e6a1d1363e778cf:0x86f3fcbe16fe1845!8m2!3d-6.0860982!4d106.7338286!16s%2Fg%2F11vrr9fw4z!19sChIJz3jnYxMdai4RRRj-Fr7884Y?authuser=0&hl=id&rclk=1	Soho Ebony, Jl. Laksamana Yos Sudarso Pantai Indah Kapuk PIK Blok A 15 & 16, Kamal Muara, Kecamatan Penjaringan, Jkt Utara, Daerah Khusus Ibukota Jakarta 14470	dealervinfastjakarta.com	14/08/2026 10:45:50
Gita Risti		setahun lalu	5 bintang	ChdDSUhNMG9nS0VJQ0FnSURmckxTTDhRRRAB	-6.086098	106.733823	https://www.google.com/maps/place/Vinfast+PIK+Pantai+Indah+Kapuk/data=!4m7!3m6!1s0x2e6a1d1363e778cf:0x86f3fcbe16fe1845!8m2!3d-6.0860982!4d106.7338286!16s%2Fg%2F11vrr9fw4z!19sChIJz3jnYxMdai4RRRj-Fr7884Y?authuser=0&hl=id&rclk=1	Soho Ebony, Jl. Laksamana Yos Sudarso Pantai Indah Kapuk PIK Blok A 15 & 16, Kamal Muara, Kecamatan Penjaringan, Jkt Utara, Daerah Khusus Ibukota Jakarta 14470	dealervinfastjakarta.com	14/08/2026 10:45:50
Vivi Bahruddin		setahun lalu	5 bintang	ChZDSUhNMG9nS0VJQ0FnSUNmbDhPTkRREAE	-6.086098	106.733823	https://www.google.com/maps/place/Vinfast+PIK+Pantai+Indah+Kapuk/data=!4m7!3m6!1s0x2e6a1d1363e778cf:0x86f3fcbe16fe1845!8m2!3d-6.0860982!4d106.7338286!16s%2Fg%2F11vrr9fw4z!19sChIJz3jnYxMdai4RRRj-Fr7884Y?authuser=0&hl=id&rclk=1	Soho Ebony, Jl. Laksamana Yos Sudarso Pantai Indah Kapuk PIK Blok A 15 & 16, Kamal Muara, Kecamatan Penjaringan, Jkt Utara, Daerah Khusus Ibukota Jakarta 14470	dealervinfastjakarta.com	14/08/2026 10:45:50
Vania Christy		setahun lalu	5 bintang	ChZDSUhNMG9nS0VJQ0FnSUNmbE5xZUJBEAE	-6.086098	106.733823	https://www.google.com/maps/place/Vinfast+PIK+Pantai+Indah+Kapuk/data=!4m7!3m6!1s0x2e6a1d1363e778cf:0x86f3fcbe16fe1845!8m2!3d-6.0860982!4d106.7338286!16s%2Fg%2F11vrr9fw4z!19sChIJz3jnYxMdai4RRRj-Fr7884Y?authuser=0&hl=id&rclk=1	Soho Ebony, Jl. Laksamana Yos Sudarso Pantai Indah Kapuk PIK Blok A 15 & 16, Kamal Muara, Kecamatan Penjaringan, Jkt Utara, Daerah Khusus Ibukota Jakarta 14470	dealervinfastjakarta.com	14/08/2026 10:45:50
surachman nugroho		setahun lalu	5 bintang	ChdDSUhNMG9nS0VJQ0FnSUNmcE51VV9RRRAB	-6.086098	106.733823	https://www.google.com/maps/place/Vinfast+PIK+Pantai+Indah+Kapuk/data=!4m7!3m6!1s0x2e6a1d1363e778cf:0x86f3fcbe16fe1845!8m2!3d-6.0860982!4d106.7338286!16s%2Fg%2F11vrr9fw4z!19sChIJz3jnYxMdai4RRRj-Fr7884Y?authuser=0&hl=id&rclk=1	Soho Ebony, Jl. Laksamana Yos Sudarso Pantai Indah Kapuk PIK Blok A 15 & 16, Kamal Muara, Kecamatan Penjaringan, Jkt Utara, Daerah Khusus Ibukota Jakarta 14470	dealervinfastjakarta.com	14/08/2026 10:45:50
Tjiong Sandy		setahun lalu	5 bintang	ChZDSUhNMG9nS0VJQ0FnSUR2NzlpWFNBEAE	-6.086098	106.733823	https://www.google.com/maps/place/Vinfast+PIK+Pantai+Indah+Kapuk/data=!4m7!3m6!1s0x2e6a1d1363e778cf:0x86f3fcbe16fe1845!8m2!3d-6.0860982!4d106.7338286!16s%2Fg%2F11vrr9fw4z!19sChIJz3jnYxMdai4RRRj-Fr7884Y?authuser=0&hl=id&rclk=1	Soho Ebony, Jl. Laksamana Yos Sudarso Pantai Indah Kapuk PIK Blok A 15 & 16, Kamal Muara, Kecamatan Penjaringan, Jkt Utara, Daerah Khusus Ibukota Jakarta 14470	dealervinfastjakarta.com	14/08/2026 10:45:50
Sarry Wulandari		setahun lalu	5 bintang	ChZDSUhNMG9nS0VJQ0FnSUR2cjVlSEFREAE	-6.086098	106.733823	https://www.google.com/maps/place/Vinfast+PIK+Pantai+Indah+Kapuk/data=!4m7!3m6!1s0x2e6a1d1363e778cf:0x86f3fcbe16fe1845!8m2!3d-6.0860982!4d106.7338286!16s%2Fg%2F11vrr9fw4z!19sChIJz3jnYxMdai4RRRj-Fr7884Y?authuser=0&hl=id&rclk=1	Soho Ebony, Jl. Laksamana Yos Sudarso Pantai Indah Kapuk PIK Blok A 15 & 16, Kamal Muara, Kecamatan Penjaringan, Jkt Utara, Daerah Khusus Ibukota Jakarta 14470	dealervinfastjakarta.com	14/08/2026 10:45:50
fitri mariana		setahun lalu	5 bintang	ChdDSUhNMG9nS0VJQ0FnSUR2cl91RG5BRRAB	-6.086098	106.733823	https://www.google.com/maps/place/Vinfast+PIK+Pantai+Indah+Kapuk/data=!4m7!3m6!1s0x2e6a1d1363e778cf:0x86f3fcbe16fe1845!8m2!3d-6.0860982!4d106.7338286!16s%2Fg%2F11vrr9fw4z!19sChIJz3jnYxMdai4RRRj-Fr7884Y?authuser=0&hl=id&rclk=1	Soho Ebony, Jl. Laksamana Yos Sudarso Pantai Indah Kapuk PIK Blok A 15 & 16, Kamal Muara, Kecamatan Penjaringan, Jkt Utara, Daerah Khusus Ibukota Jakarta 14470	dealervinfastjakarta.com	14/08/2026 10:45:50
Aldian Koesherwinda		setahun lalu	5 bintang	ChZDSUhNMG9nS0VJQ0FnSUR2ek1iTUtnEAE	-6.086098	106.733823	https://www.google.com/maps/place/Vinfast+PIK+Pantai+Indah+Kapuk/data=!4m7!3m6!1s0x2e6a1d1363e778cf:0x86f3fcbe16fe1845!8m2!3d-6.0860982!4d106.7338286!16s%2Fg%2F11vrr9fw4z!19sChIJz3jnYxMdai4RRRj-Fr7884Y?authuser=0&hl=id&rclk=1	Soho Ebony, Jl. Laksamana Yos Sudarso Pantai Indah Kapuk PIK Blok A 15 & 16, Kamal Muara, Kecamatan Penjaringan, Jkt Utara, Daerah Khusus Ibukota Jakarta 14470	dealervinfastjakarta.com	14/08/2026 10:45:50
wisnu triguna		setahun lalu	5 bintang	ChZDSUhNMG9nS0VJQ0FnSUR2aUtPaUtnEAE	-6.086098	106.733823	https://www.google.com/maps/place/Vinfast+PIK+Pantai+Indah+Kapuk/data=!4m7!3m6!1s0x2e6a1d1363e778cf:0x86f3fcbe16fe1845!8m2!3d-6.0860982!4d106.7338286!16s%2Fg%2F11vrr9fw4z!19sChIJz3jnYxMdai4RRRj-Fr7884Y?authuser=0&hl=id&rclk=1	Soho Ebony, Jl. Laksamana Yos Sudarso Pantai Indah Kapuk PIK Blok A 15 & 16, Kamal Muara, Kecamatan Penjaringan, Jkt Utara, Daerah Khusus Ibukota Jakarta 14470	dealervinfastjakarta.com	14/08/2026 10:45:50
Yan Daniel		setahun lalu	5 bintang	ChdDSUhNMG9nS0VJQ0FnSUR2Z0lxUV93RRAB	-6.086098	106.733823	https://www.google.com/maps/place/Vinfast+PIK+Pantai+Indah+Kapuk/data=!4m7!3m6!1s0x2e6a1d1363e778cf:0x86f3fcbe16fe1845!8m2!3d-6.0860982!4d106.7338286!16s%2Fg%2F11vrr9fw4z!19sChIJz3jnYxMdai4RRRj-Fr7884Y?authuser=0&hl=id&rclk=1	Soho Ebony, Jl. Laksamana Yos Sudarso Pantai Indah Kapuk PIK Blok A 15 & 16, Kamal Muara, Kecamatan Penjaringan, Jkt Utara, Daerah Khusus Ibukota Jakarta 14470	dealervinfastjakarta.com	14/08/2026 10:45:50
rusly paulima		setahun lalu	5 bintang	ChZDSUhNMG9nS0VJQ0FnSUN2OWM2a0l3EAE	-6.086098	106.733823	https://www.google.com/maps/place/Vinfast+PIK+Pantai+Indah+Kapuk/data=!4m7!3m6!1s0x2e6a1d1363e778cf:0x86f3fcbe16fe1845!8m2!3d-6.0860982!4d106.7338286!16s%2Fg%2F11vrr9fw4z!19sChIJz3jnYxMdai4RRRj-Fr7884Y?authuser=0&hl=id&rclk=1	Soho Ebony, Jl. Laksamana Yos Sudarso Pantai Indah Kapuk PIK Blok A 15 & 16, Kamal Muara, Kecamatan Penjaringan, Jkt Utara, Daerah Khusus Ibukota Jakarta 14470	dealervinfastjakarta.com	14/08/2026 10:45:50
Christophorus Felix		setahun lalu	5 bintang	ChdDSUhNMG9nS0VJQ0FnSUN2aWJmeDZnRRAB	-6.086098	106.733823	https://www.google.com/maps/place/Vinfast+PIK+Pantai+Indah+Kapuk/data=!4m7!3m6!1s0x2e6a1d1363e778cf:0x86f3fcbe16fe1845!8m2!3d-6.0860982!4d106.7338286!16s%2Fg%2F11vrr9fw4z!19sChIJz3jnYxMdai4RRRj-Fr7884Y?authuser=0&hl=id&rclk=1	Soho Ebony, Jl. Laksamana Yos Sudarso Pantai Indah Kapuk PIK Blok A 15 & 16, Kamal Muara, Kecamatan Penjaringan, Jkt Utara, Daerah Khusus Ibukota Jakarta 14470	dealervinfastjakarta.com	14/08/2026 10:45:50
Kho Nicko		setahun lalu	5 bintang	ChZDSUhNMG9nS0VJQ0FnSUN2dnNpTVhREAE	-6.086098	106.733823	https://www.google.com/maps/place/Vinfast+PIK+Pantai+Indah+Kapuk/data=!4m7!3m6!1s0x2e6a1d1363e778cf:0x86f3fcbe16fe1845!8m2!3d-6.0860982!4d106.7338286!16s%2Fg%2F11vrr9fw4z!19sChIJz3jnYxMdai4RRRj-Fr7884Y?authuser=0&hl=id&rclk=1	Soho Ebony, Jl. Laksamana Yos Sudarso Pantai Indah Kapuk PIK Blok A 15 & 16, Kamal Muara, Kecamatan Penjaringan, Jkt Utara, Daerah Khusus Ibukota Jakarta 14470	dealervinfastjakarta.com	14/08/2026 10:45:50
hendra susanto		setahun lalu	5 bintang	ChZDSUhNMG9nS0VJQ0FnSUN2N3YtemF3EAE	-6.086098	106.733823	https://www.google.com/maps/place/Vinfast+PIK+Pantai+Indah+Kapuk/data=!4m7!3m6!1s0x2e6a1d1363e778cf:0x86f3fcbe16fe1845!8m2!3d-6.0860982!4d106.7338286!16s%2Fg%2F11vrr9fw4z!19sChIJz3jnYxMdai4RRRj-Fr7884Y?authuser=0&hl=id&rclk=1	Soho Ebony, Jl. Laksamana Yos Sudarso Pantai Indah Kapuk PIK Blok A 15 & 16, Kamal Muara, Kecamatan Penjaringan, Jkt Utara, Daerah Khusus Ibukota Jakarta 14470	dealervinfastjakarta.com	14/08/2026 10:45:50
FERRY ARIFIN		setahun lalu	5 bintang	ChZDSUhNMG9nS0VJQ0FnSUN2N3QyNWNREAE	-6.086098	106.733823	https://www.google.com/maps/place/Vinfast+PIK+Pantai+Indah+Kapuk/data=!4m7!3m6!1s0x2e6a1d1363e778cf:0x86f3fcbe16fe1845!8m2!3d-6.0860982!4d106.7338286!16s%2Fg%2F11vrr9fw4z!19sChIJz3jnYxMdai4RRRj-Fr7884Y?authuser=0&hl=id&rclk=1	Soho Ebony, Jl. Laksamana Yos Sudarso Pantai Indah Kapuk PIK Blok A 15 & 16, Kamal Muara, Kecamatan Penjaringan, Jkt Utara, Daerah Khusus Ibukota Jakarta 14470	dealervinfastjakarta.com	14/08/2026 10:45:50
Yoga Wijaya		setahun lalu	5 bintang	ChZDSUhNMG9nS0VJQ0FnSUN2N295V1F3EAE	-6.086098	106.733823	https://www.google.com/maps/place/Vinfast+PIK+Pantai+Indah+Kapuk/data=!4m7!3m6!1s0x2e6a1d1363e778cf:0x86f3fcbe16fe1845!8m2!3d-6.0860982!4d106.7338286!16s%2Fg%2F11vrr9fw4z!19sChIJz3jnYxMdai4RRRj-Fr7884Y?authuser=0&hl=id&rclk=1	Soho Ebony, Jl. Laksamana Yos Sudarso Pantai Indah Kapuk PIK Blok A 15 & 16, Kamal Muara, Kecamatan Penjaringan, Jkt Utara, Daerah Khusus Ibukota Jakarta 14470	dealervinfastjakarta.com	14/08/2026 10:45:50
Pojok mainan	Jgn gembar gembor free chrger, saya sudah beli tetapi gak bisa di pake, alasan lg maintenec tapi udah seminggu lebih gak ada solusi	6 bulan lalu	1 bintang	Ci9DQUlRQUNvZENodHljRjlvT2tRd1RqaEpkR1pRV0RSR1JsVkdXbWxsVVhoUVlYYxAB	-6.086303	106.733483	https://www.google.com/maps/place/Vinfast+mobil+listrik+showroom+PIK/data=!4m7!3m6!1s0x2e6a1d004509bfbb:0xbf57ab67c9719332!8m2!3d-6.0863032!4d106.7334879!16s%2Fg%2F11vsh_24bx!19sChIJu78JRQAdai4RMpNxyWerV78?authuser=0&hl=id&rclk=1	Jl. Laksamana Yos Sudarso No.16, DKI Jakarta 14470		14/08/2026 10:46:28
Arya Herutjakra	"Saya pelanggan Taxi Vinfast memberikan masukan sebagai berikut:
1. Tidak tau jalan.
2. Mobil kotor …"	setahun lalu	1 bintang	ChdDSUhNMG9nS0VNUEI3OUgxak1QTGlBRRAB	-6.086303	106.733483	https://www.google.com/maps/place/Vinfast+mobil+listrik+showroom+PIK/data=!4m7!3m6!1s0x2e6a1d004509bfbb:0xbf57ab67c9719332!8m2!3d-6.0863032!4d106.7334879!16s%2Fg%2F11vsh_24bx!19sChIJu78JRQAdai4RMpNxyWerV78?authuser=0&hl=id&rclk=1	Jl. Laksamana Yos Sudarso No.16, DKI Jakarta 14470		14/08/2026 10:46:28
Cc blla	wahhh bagus showroomnya , di bantu layani dengan michael sangat informatif	setahun lalu	5 bintang	Ci9DQUlRQUNvZENodHljRjlvT25ScFlWVktaR3AxZVZKWGJFNW9aSEoxWVhWd0xYYxAB	-6.086303	106.733483	https://www.google.com/maps/place/Vinfast+mobil+listrik+showroom+PIK/data=!4m7!3m6!1s0x2e6a1d004509bfbb:0xbf57ab67c9719332!8m2!3d-6.0863032!4d106.7334879!16s%2Fg%2F11vsh_24bx!19sChIJu78JRQAdai4RMpNxyWerV78?authuser=0&hl=id&rclk=1	Jl. Laksamana Yos Sudarso No.16, DKI Jakarta 14470		14/08/2026 10:46:28
Valencia Rosaline	Saya senang dilayani dengan mas michael dibantu jelasin mengenai vinfast vf3	setahun lalu	5 bintang	Ci9DQUlRQUNvZENodHljRjlvT25VMlluZEJkWEU0YlVneGNIbFBUbGN6VFdkSFduYxAB	-6.086303	106.733483	https://www.google.com/maps/place/Vinfast+mobil+listrik+showroom+PIK/data=!4m7!3m6!1s0x2e6a1d004509bfbb:0xbf57ab67c9719332!8m2!3d-6.0863032!4d106.7334879!16s%2Fg%2F11vsh_24bx!19sChIJu78JRQAdai4RMpNxyWerV78?authuser=0&hl=id&rclk=1	Jl. Laksamana Yos Sudarso No.16, DKI Jakarta 14470		14/08/2026 10:46:28
arcst	mike sangat ramah informatif dan sangat ber attitude baik, dari yang gapaham vinfast sampai minat banget sama brand ini, thanks mike bintang lima	setahun lalu	5 bintang	ChdDSUhNMG9nS0VJQ0FnSURfLVp2aTBBRRAB	-6.086303	106.733483	https://www.google.com/maps/place/Vinfast+mobil+listrik+showroom+PIK/data=!4m7!3m6!1s0x2e6a1d004509bfbb:0xbf57ab67c9719332!8m2!3d-6.0863032!4d106.7334879!16s%2Fg%2F11vsh_24bx!19sChIJu78JRQAdai4RMpNxyWerV78?authuser=0&hl=id&rclk=1	Jl. Laksamana Yos Sudarso No.16, DKI Jakarta 14470		14/08/2026 10:46:28
Fajar Hidayat	Beritanya dari segala sudut tampil dengan apik	8 bulan lalu	5 bintang	Ci9DQUlRQUNvZENodHljRjlvT2tWTVExaDJlV3hOY1U5RFdtUlhORFEyUWpOTVNsRRAB	-6.086303	106.733483	https://www.google.com/maps/place/Vinfast+mobil+listrik+showroom+PIK/data=!4m7!3m6!1s0x2e6a1d004509bfbb:0xbf57ab67c9719332!8m2!3d-6.0863032!4d106.7334879!16s%2Fg%2F11vsh_24bx!19sChIJu78JRQAdai4RMpNxyWerV78?authuser=0&hl=id&rclk=1	Jl. Laksamana Yos Sudarso No.16, DKI Jakarta 14470		14/08/2026 10:46:28
putri	wah showroom nya bagus sangat senang di layani mas michael	setahun lalu	5 bintang	Ci9DQUlRQUNvZENodHljRjlvT2pGb1RWOVRNRVZNV2pFMVIwVkdibTlVYjNWNmFHYxAB	-6.086303	106.733483	https://www.google.com/maps/place/Vinfast+mobil+listrik+showroom+PIK/data=!4m7!3m6!1s0x2e6a1d004509bfbb:0xbf57ab67c9719332!8m2!3d-6.0863032!4d106.7334879!16s%2Fg%2F11vsh_24bx!19sChIJu78JRQAdai4RMpNxyWerV78?authuser=0&hl=id&rclk=1	Jl. Laksamana Yos Sudarso No.16, DKI Jakarta 14470		14/08/2026 10:46:28
Keyshifa Trah	sangat senang dilayani dengan mas michael ☺️	setahun lalu	5 bintang	Ci9DQUlRQUNvZENodHljRjlvT210d1dYaDJVMUJRUTBwc1RVOTJOMVl0T1ZRd1JHYxAB	-6.086303	106.733483	https://www.google.com/maps/place/Vinfast+mobil+listrik+showroom+PIK/data=!4m7!3m6!1s0x2e6a1d004509bfbb:0xbf57ab67c9719332!8m2!3d-6.0863032!4d106.7334879!16s%2Fg%2F11vsh_24bx!19sChIJu78JRQAdai4RMpNxyWerV78?authuser=0&hl=id&rclk=1	Jl. Laksamana Yos Sudarso No.16, DKI Jakarta 14470		14/08/2026 10:46:28
reno hidayat	Dilayani oleh mas michael sangat informatif	setahun lalu	5 bintang	Ci9DQUlRQUNvZENodHljRjlvT2kwMlRtazFUbGhyY1hSNE9HWXlTQzFaZDNWbVpuYxAB	-6.086303	106.733483	https://www.google.com/maps/place/Vinfast+mobil+listrik+showroom+PIK/data=!4m7!3m6!1s0x2e6a1d004509bfbb:0xbf57ab67c9719332!8m2!3d-6.0863032!4d106.7334879!16s%2Fg%2F11vsh_24bx!19sChIJu78JRQAdai4RMpNxyWerV78?authuser=0&hl=id&rclk=1	Jl. Laksamana Yos Sudarso No.16, DKI Jakarta 14470		14/08/2026 10:46:28
biyan argantara	Model Futuristik CarCity	setahun lalu	5 bintang	Ci9DQUlRQUNvZENodHljRjlvT25saFNEQmlkMUIyTURkVmJYWklOMm90TmpSMVNYYxAB	-6.086303	106.733483	https://www.google.com/maps/place/Vinfast+mobil+listrik+showroom+PIK/data=!4m7!3m6!1s0x2e6a1d004509bfbb:0xbf57ab67c9719332!8m2!3d-6.0863032!4d106.7334879!16s%2Fg%2F11vsh_24bx!19sChIJu78JRQAdai4RMpNxyWerV78?authuser=0&hl=id&rclk=1	Jl. Laksamana Yos Sudarso No.16, DKI Jakarta 14470		14/08/2026 10:46:28
Willy Chandra	Para pengemudinya sangat ceroboh. Tidak heran banyak kecelakaan yang melibatkan perusahaan ini.	7 bulan lalu	1 bintang	Ci9DQUlRQUNvZENodHljRjlvT2xNdGIzazJXbXR1YjFKVk5VeDBRbTgwY214T2RFRRAB	-6.086303	106.733483	https://www.google.com/maps/place/Vinfast+mobil+listrik+showroom+PIK/data=!4m7!3m6!1s0x2e6a1d004509bfbb:0xbf57ab67c9719332!8m2!3d-6.0863032!4d106.7334879!16s%2Fg%2F11vsh_24bx!19sChIJu78JRQAdai4RMpNxyWerV78?authuser=0&hl=id&rclk=1	Jl. Laksamana Yos Sudarso No.16, DKI Jakarta 14470		14/08/2026 10:46:28
Mèo Bill	Mobil yang bagus	5 bulan lalu	5 bintang	Ci9DQUlRQUNvZENodHljRjlvT21WWWRXUk9jV0U0YzJ0aE1uTm5hazgwVEVkU2JHYxAB	-6.086303	106.733483	https://www.google.com/maps/place/Vinfast+mobil+listrik+showroom+PIK/data=!4m7!3m6!1s0x2e6a1d004509bfbb:0xbf57ab67c9719332!8m2!3d-6.0863032!4d106.7334879!16s%2Fg%2F11vsh_24bx!19sChIJu78JRQAdai4RMpNxyWerV78?authuser=0&hl=id&rclk=1	Jl. Laksamana Yos Sudarso No.16, DKI Jakarta 14470		14/08/2026 10:46:28
Vẹn Phan Minh (Kỹ sư Vẹn)	Besar	7 bulan lalu	5 bintang	Ci9DQUlRQUNvZENodHljRjlvT2sxVkxVSlBVbWR6TUU5dVFVcEVjVU5ZYlZSVVpGRRAB	-6.086303	106.733483	https://www.google.com/maps/place/Vinfast+mobil+listrik+showroom+PIK/data=!4m7!3m6!1s0x2e6a1d004509bfbb:0xbf57ab67c9719332!8m2!3d-6.0863032!4d106.7334879!16s%2Fg%2F11vsh_24bx!19sChIJu78JRQAdai4RMpNxyWerV78?authuser=0&hl=id&rclk=1	Jl. Laksamana Yos Sudarso No.16, DKI Jakarta 14470		14/08/2026 10:46:28
ayunda agustine	Keren Vinfast	setahun lalu	5 bintang	ChdDSUhNMG9nS0VJQ0FnSURmeFoyOGpBRRAB	-6.086303	106.733483	https://www.google.com/maps/place/Vinfast+mobil+listrik+showroom+PIK/data=!4m7!3m6!1s0x2e6a1d004509bfbb:0xbf57ab67c9719332!8m2!3d-6.0863032!4d106.7334879!16s%2Fg%2F11vsh_24bx!19sChIJu78JRQAdai4RMpNxyWerV78?authuser=0&hl=id&rclk=1	Jl. Laksamana Yos Sudarso No.16, DKI Jakarta 14470		14/08/2026 10:46:28
Kwa Chen Lien		11 bulan lalu	5 bintang	Ci9DQUlRQUNvZENodHljRjlvT25kclFVSjJTbVJ3V0dSV1luRnZNSGhtVGtWTmVrRRAB	-6.086303	106.733483	https://www.google.com/maps/place/Vinfast+mobil+listrik+showroom+PIK/data=!4m7!3m6!1s0x2e6a1d004509bfbb:0xbf57ab67c9719332!8m2!3d-6.0863032!4d106.7334879!16s%2Fg%2F11vsh_24bx!19sChIJu78JRQAdai4RMpNxyWerV78?authuser=0&hl=id&rclk=1	Jl. Laksamana Yos Sudarso No.16, DKI Jakarta 14470		14/08/2026 10:46:28
Alexander Wong		setahun lalu	5 bintang	ChZDSUhNMG9nS0VKX0F2czJPOF9Idk9BEAE	-6.086303	106.733483	https://www.google.com/maps/place/Vinfast+mobil+listrik+showroom+PIK/data=!4m7!3m6!1s0x2e6a1d004509bfbb:0xbf57ab67c9719332!8m2!3d-6.0863032!4d106.7334879!16s%2Fg%2F11vsh_24bx!19sChIJu78JRQAdai4RMpNxyWerV78?authuser=0&hl=id&rclk=1	Jl. Laksamana Yos Sudarso No.16, DKI Jakarta 14470		14/08/2026 10:46:28
A_Marseko		setahun lalu	5 bintang	ChdDSUhNMG9nS0VJQ0FnTURJM095RWpBRRAB	-6.086303	106.733483	https://www.google.com/maps/place/Vinfast+mobil+listrik+showroom+PIK/data=!4m7!3m6!1s0x2e6a1d004509bfbb:0xbf57ab67c9719332!8m2!3d-6.0863032!4d106.7334879!16s%2Fg%2F11vsh_24bx!19sChIJu78JRQAdai4RMpNxyWerV78?authuser=0&hl=id&rclk=1	Jl. Laksamana Yos Sudarso No.16, DKI Jakarta 14470		14/08/2026 10:46:28
Markus Calvin		setahun lalu	5 bintang	ChdDSUhNMG9nS0VJQ0FnSURmN0xYeDh3RRAB	-6.086303	106.733483	https://www.google.com/maps/place/Vinfast+mobil+listrik+showroom+PIK/data=!4m7!3m6!1s0x2e6a1d004509bfbb:0xbf57ab67c9719332!8m2!3d-6.0863032!4d106.7334879!16s%2Fg%2F11vsh_24bx!19sChIJu78JRQAdai4RMpNxyWerV78?authuser=0&hl=id&rclk=1	Jl. Laksamana Yos Sudarso No.16, DKI Jakarta 14470		14/08/2026 10:46:28
Yosua Febrian		setahun lalu	5 bintang	ChZDSUhNMG9nS0VJQ0FnSURmalBlR0dREAE	-6.086303	106.733483	https://www.google.com/maps/place/Vinfast+mobil+listrik+showroom+PIK/data=!4m7!3m6!1s0x2e6a1d004509bfbb:0xbf57ab67c9719332!8m2!3d-6.0863032!4d106.7334879!16s%2Fg%2F11vsh_24bx!19sChIJu78JRQAdai4RMpNxyWerV78?authuser=0&hl=id&rclk=1	Jl. Laksamana Yos Sudarso No.16, DKI Jakarta 14470		14/08/2026 10:46:28
Trang Minh		2 tahun lalu	5 bintang	ChdDSUhNMG9nS0VJQ0FnSUNUaTRxb3RnRRAB	-6.086303	106.733483	https://www.google.com/maps/place/Vinfast+mobil+listrik+showroom+PIK/data=!4m7!3m6!1s0x2e6a1d004509bfbb:0xbf57ab67c9719332!8m2!3d-6.0863032!4d106.7334879!16s%2Fg%2F11vsh_24bx!19sChIJu78JRQAdai4RMpNxyWerV78?authuser=0&hl=id&rclk=1	Jl. Laksamana Yos Sudarso No.16, DKI Jakarta 14470		14/08/2026 10:46:28
Silver오빠		2 tahun lalu	5 bintang	ChZDSUhNMG9nS0VJQ0FnSUQ5NWF1Y1J3EAE	-6.086303	106.733483	https://www.google.com/maps/place/Vinfast+mobil+listrik+showroom+PIK/data=!4m7!3m6!1s0x2e6a1d004509bfbb:0xbf57ab67c9719332!8m2!3d-6.0863032!4d106.7334879!16s%2Fg%2F11vsh_24bx!19sChIJu78JRQAdai4RMpNxyWerV78?authuser=0&hl=id&rclk=1	Jl. Laksamana Yos Sudarso No.16, DKI Jakarta 14470		14/08/2026 10:46:28
S Purtxxx		2 tahun lalu	5 bintang	ChdDSUhNMG9nS0VJQ0FnSURkeHVlRjFnRRAB	-6.086303	106.733483	https://www.google.com/maps/place/Vinfast+mobil+listrik+showroom+PIK/data=!4m7!3m6!1s0x2e6a1d004509bfbb:0xbf57ab67c9719332!8m2!3d-6.0863032!4d106.7334879!16s%2Fg%2F11vsh_24bx!19sChIJu78JRQAdai4RMpNxyWerV78?authuser=0&hl=id&rclk=1	Jl. Laksamana Yos Sudarso No.16, DKI Jakarta 14470		14/08/2026 10:46:28
maureen ravenska		2 tahun lalu	5 bintang	ChdDSUhNMG9nS0VJQ0FnSUR0aDVDS3J3RRAB	-6.086303	106.733483	https://www.google.com/maps/place/Vinfast+mobil+listrik+showroom+PIK/data=!4m7!3m6!1s0x2e6a1d004509bfbb:0xbf57ab67c9719332!8m2!3d-6.0863032!4d106.7334879!16s%2Fg%2F11vsh_24bx!19sChIJu78JRQAdai4RMpNxyWerV78?authuser=0&hl=id&rclk=1	Jl. Laksamana Yos Sudarso No.16, DKI Jakarta 14470		14/08/2026 10:46:28
billy	JANGAN BELI DISINI!!! Beli VF3 + asuransi alrisk OONA langsung gw bayar lunas via sales, setelah 3 bulan kemudian ketauan ASURANSI MASIH NON AKTIF karna BELUM DIBAYAR!!  Mobil ke TIMPA PAPAN PELANG VINFAST PENYOK dan RUSAK ganti rugi GA JELAS, mau ke asuransi DILARANG ternyata karna ASURANSINYA BELOM DI BAYARKAN ke ASURANSI!!!	5 bulan lalu	1 bintang	Ci9DQUlRQUNvZENodHljRjlvT25sdlJsRlBRa3h5V1dOQ01uSlNkemh6ZEZKSVpIYxAB	-6.938198	107.613365	https://www.google.com/maps/place/VINFAST+BANDUNG/data=!4m7!3m6!1s0x2e68e900246d49db:0xad1cd2c5f760bfad!8m2!3d-6.9381985!4d107.6133707!16s%2Fg%2F11lf26zh9z!19sChIJ20ltJADpaC4Rrb9g98XSHK0?authuser=0&hl=id&rclk=1	Jl. BKR No.111, Cigereleng, Kec. Regol, Kota Bandung, Jawa Barat 40253		14/08/2026 10:47:07
Prila Ramdani	Dealer dan bengkel pelayanan terbaik dan ramah	6 bulan lalu	5 bintang	Ci9DQUlRQUNvZENodHljRjlvT2poRU4wTXdaV295VkVWUlYxbDVSbmxMVm5KUlpFRRAB	-6.938198	107.613365	https://www.google.com/maps/place/VINFAST+BANDUNG/data=!4m7!3m6!1s0x2e68e900246d49db:0xad1cd2c5f760bfad!8m2!3d-6.9381985!4d107.6133707!16s%2Fg%2F11lf26zh9z!19sChIJ20ltJADpaC4Rrb9g98XSHK0?authuser=0&hl=id&rclk=1	Jl. BKR No.111, Cigereleng, Kec. Regol, Kota Bandung, Jawa Barat 40253		14/08/2026 10:47:07
Sakamoto dasy	Dealer vinfast BKR sangat bagus pelayanan nya sudah ada bengkel lengkap dan nyaman	6 bulan lalu	5 bintang	Ci9DQUlRQUNvZENodHljRjlvT2tWVU9YRXlYMnN4VHpoa1ZXUTNOall5WmtnNGNFRRAB	-6.938198	107.613365	https://www.google.com/maps/place/VINFAST+BANDUNG/data=!4m7!3m6!1s0x2e68e900246d49db:0xad1cd2c5f760bfad!8m2!3d-6.9381985!4d107.6133707!16s%2Fg%2F11lf26zh9z!19sChIJ20ltJADpaC4Rrb9g98XSHK0?authuser=0&hl=id&rclk=1	Jl. BKR No.111, Cigereleng, Kec. Regol, Kota Bandung, Jawa Barat 40253		14/08/2026 10:47:07
Abdul Soleh	Secara mobil ok tidak ada masalah ,  saya pengguna ev vf3 mobil enak nyaman kekedapan ok, tenaga ok , pokonya enak buat dalam kota buat di pakai sehari hari sangat nyaman , cmn saya kecewa dengan pelayanan vinfast bkr , …	8 bulan lalu	1 bintang	Ci9DQUlRQUNvZENodHljRjlvT2psU1dDMUZaRXRLZFVnNU1IcERXRFJFUlhobk5WRRAB	-6.938198	107.613365	https://www.google.com/maps/place/VINFAST+BANDUNG/data=!4m7!3m6!1s0x2e68e900246d49db:0xad1cd2c5f760bfad!8m2!3d-6.9381985!4d107.6133707!16s%2Fg%2F11lf26zh9z!19sChIJ20ltJADpaC4Rrb9g98XSHK0?authuser=0&hl=id&rclk=1	Jl. BKR No.111, Cigereleng, Kec. Regol, Kota Bandung, Jawa Barat 40253		14/08/2026 10:47:07
Jusuf M	"Mobil listrik mantap
Semoga harganya semakin terjangkau krn sy pengen banget punya mobil listrik"	setahun lalu	5 bintang	ChdDSUhNMG9nS0VQT1U0ZnUzNEp1RjNBRRAB	-6.938198	107.613365	https://www.google.com/maps/place/VINFAST+BANDUNG/data=!4m7!3m6!1s0x2e68e900246d49db:0xad1cd2c5f760bfad!8m2!3d-6.9381985!4d107.6133707!16s%2Fg%2F11lf26zh9z!19sChIJ20ltJADpaC4Rrb9g98XSHK0?authuser=0&hl=id&rclk=1	Jl. BKR No.111, Cigereleng, Kec. Regol, Kota Bandung, Jawa Barat 40253		14/08/2026 10:47:07
Jacka	Pelayanan ramah good choice untuk pembelian mobil ev keren.	Diedit 10 bulan lalu	5 bintang	Ci9DQUlRQUNvZENodHljRjlvT214a1MxQTVVWEJLT0cwMldHUkRPVkZ6UjJNNFVrRRAB	-6.938198	107.613365	https://www.google.com/maps/place/VINFAST+BANDUNG/data=!4m7!3m6!1s0x2e68e900246d49db:0xad1cd2c5f760bfad!8m2!3d-6.9381985!4d107.6133707!16s%2Fg%2F11lf26zh9z!19sChIJ20ltJADpaC4Rrb9g98XSHK0?authuser=0&hl=id&rclk=1	Jl. BKR No.111, Cigereleng, Kec. Regol, Kota Bandung, Jawa Barat 40253		14/08/2026 10:47:07
Novi Mayasari	Terimakasih vinfast BKR untuk pelayanannya.. Semoga semakin sukses amin ya robb...	10 bulan lalu	5 bintang	Ci9DQUlRQUNvZENodHljRjlvT2xkWGVqbHZXWFIyZFVGVGVIRldSSE5HTFd3emRYYxAB	-6.938198	107.613365	https://www.google.com/maps/place/VINFAST+BANDUNG/data=!4m7!3m6!1s0x2e68e900246d49db:0xad1cd2c5f760bfad!8m2!3d-6.9381985!4d107.6133707!16s%2Fg%2F11lf26zh9z!19sChIJ20ltJADpaC4Rrb9g98XSHK0?authuser=0&hl=id&rclk=1	Jl. BKR No.111, Cigereleng, Kec. Regol, Kota Bandung, Jawa Barat 40253		14/08/2026 10:47:07
Irfan Ardiana	Vf 3 brp OTR nya min?	setahun lalu	5 bintang	ChdDSUhNMG9nS0VJQ0FnTUNJckozSDZBRRAB	-6.938198	107.613365	https://www.google.com/maps/place/VINFAST+BANDUNG/data=!4m7!3m6!1s0x2e68e900246d49db:0xad1cd2c5f760bfad!8m2!3d-6.9381985!4d107.6133707!16s%2Fg%2F11lf26zh9z!19sChIJ20ltJADpaC4Rrb9g98XSHK0?authuser=0&hl=id&rclk=1	Jl. BKR No.111, Cigereleng, Kec. Regol, Kota Bandung, Jawa Barat 40253		14/08/2026 10:47:07
Kurnia Gellar Nugraha	Good....service komplit	setahun lalu	5 bintang	Ci9DQUlRQUNvZENodHljRjlvT21aWlJIcE9SMnBUWlRjM2R6ZGlTSHBXZUdKdFdrRRAB	-6.938198	107.613365	https://www.google.com/maps/place/VINFAST+BANDUNG/data=!4m7!3m6!1s0x2e68e900246d49db:0xad1cd2c5f760bfad!8m2!3d-6.9381985!4d107.6133707!16s%2Fg%2F11lf26zh9z!19sChIJ20ltJADpaC4Rrb9g98XSHK0?authuser=0&hl=id&rclk=1	Jl. BKR No.111, Cigereleng, Kec. Regol, Kota Bandung, Jawa Barat 40253		14/08/2026 10:47:07
Charlene Ria	Terlalu banyak janji manis dan akhirnya kami tergoda untuk memberikan uang booking spk. Begitu cepat kami memberikan uang 1 juta, tetapi begitu lama pengembaliannya melebihi 14 hari dan sampai saat ini saya belum dapat kabar lagi.	4 hari lalu	1 bintang	Ci9DQUlRQUNvZENodHljRjlvT2pZNFkyaEJlSGRJZWxoSVh5MUtWbmQyYW5GUFgyYxAB	-6.938198	107.613365	https://www.google.com/maps/place/VINFAST+BANDUNG/data=!4m7!3m6!1s0x2e68e900246d49db:0xad1cd2c5f760bfad!8m2!3d-6.9381985!4d107.6133707!16s%2Fg%2F11lf26zh9z!19sChIJ20ltJADpaC4Rrb9g98XSHK0?authuser=0&hl=id&rclk=1	Jl. BKR No.111, Cigereleng, Kec. Regol, Kota Bandung, Jawa Barat 40253		14/08/2026 10:47:07
Mèo Bill	Pelayanan yang bagus!	5 bulan lalu	5 bintang	Ci9DQUlRQUNvZENodHljRjlvT205b05XVjJNMmRrTlc5b2FGSnpielZTWnpCaFVGRRAB	-6.938198	107.613365	https://www.google.com/maps/place/VINFAST+BANDUNG/data=!4m7!3m6!1s0x2e68e900246d49db:0xad1cd2c5f760bfad!8m2!3d-6.9381985!4d107.6133707!16s%2Fg%2F11lf26zh9z!19sChIJ20ltJADpaC4Rrb9g98XSHK0?authuser=0&hl=id&rclk=1	Jl. BKR No.111, Cigereleng, Kec. Regol, Kota Bandung, Jawa Barat 40253		14/08/2026 10:47:07
Jacka		6 bulan lalu	5 bintang	Ci9DQUlRQUNvZENodHljRjlvT25vMVJuQjBVMmxZU1dsMGVIcGlkbWhOUlVzMFpVRRAB	-6.938198	107.613365	https://www.google.com/maps/place/VINFAST+BANDUNG/data=!4m7!3m6!1s0x2e68e900246d49db:0xad1cd2c5f760bfad!8m2!3d-6.9381985!4d107.6133707!16s%2Fg%2F11lf26zh9z!19sChIJ20ltJADpaC4Rrb9g98XSHK0?authuser=0&hl=id&rclk=1	Jl. BKR No.111, Cigereleng, Kec. Regol, Kota Bandung, Jawa Barat 40253		14/08/2026 10:47:07
Habi Mitsubishi		10 bulan lalu	5 bintang	Ci9DQUlRQUNvZENodHljRjlvT2pSMWJGVjBRbEJYWVhSb1Z6a3lVbms0Y1Y5alUwRRAB	-6.938198	107.613365	https://www.google.com/maps/place/VINFAST+BANDUNG/data=!4m7!3m6!1s0x2e68e900246d49db:0xad1cd2c5f760bfad!8m2!3d-6.9381985!4d107.6133707!16s%2Fg%2F11lf26zh9z!19sChIJ20ltJADpaC4Rrb9g98XSHK0?authuser=0&hl=id&rclk=1	Jl. BKR No.111, Cigereleng, Kec. Regol, Kota Bandung, Jawa Barat 40253		14/08/2026 10:47:07
grosir jaketrompibandung	Oke	setahun lalu	5 bintang	ChZDSUhNMG9nS0VJQ0FnTURRazR6aERBEAE	-6.938198	107.613365	https://www.google.com/maps/place/VINFAST+BANDUNG/data=!4m7!3m6!1s0x2e68e900246d49db:0xad1cd2c5f760bfad!8m2!3d-6.9381985!4d107.6133707!16s%2Fg%2F11lf26zh9z!19sChIJ20ltJADpaC4Rrb9g98XSHK0?authuser=0&hl=id&rclk=1	Jl. BKR No.111, Cigereleng, Kec. Regol, Kota Bandung, Jawa Barat 40253		14/08/2026 10:47:07
Trisna sanjaya		4 hari lalu	5 bintang	Ci9DQUlRQUNvZENodHljRjlvT201dlYzaHZRVzF3ZURSalJqZFZUR3ROZWpSeVluYxAB	-6.938198	107.613365	https://www.google.com/maps/place/VINFAST+BANDUNG/data=!4m7!3m6!1s0x2e68e900246d49db:0xad1cd2c5f760bfad!8m2!3d-6.9381985!4d107.6133707!16s%2Fg%2F11lf26zh9z!19sChIJ20ltJADpaC4Rrb9g98XSHK0?authuser=0&hl=id&rclk=1	Jl. BKR No.111, Cigereleng, Kec. Regol, Kota Bandung, Jawa Barat 40253		14/08/2026 10:47:07
Randrie Alexandrie		8 bulan lalu	1 bintang	Ci9DQUlRQUNvZENodHljRjlvT21Oa1VIaDJRMFZVV0c5bGEzWjZXbU5pV1VSV1dXYxAB	-6.938198	107.613365	https://www.google.com/maps/place/VINFAST+BANDUNG/data=!4m7!3m6!1s0x2e68e900246d49db:0xad1cd2c5f760bfad!8m2!3d-6.9381985!4d107.6133707!16s%2Fg%2F11lf26zh9z!19sChIJ20ltJADpaC4Rrb9g98XSHK0?authuser=0&hl=id&rclk=1	Jl. BKR No.111, Cigereleng, Kec. Regol, Kota Bandung, Jawa Barat 40253		14/08/2026 10:47:07
Revi Cikidaw		10 bulan lalu	5 bintang	Ci9DQUlRQUNvZENodHljRjlvT25weFpIVTJaRU5FZHpKdmFIUTJTREpLTldoQ1FYYxAB	-6.938198	107.613365	https://www.google.com/maps/place/VINFAST+BANDUNG/data=!4m7!3m6!1s0x2e68e900246d49db:0xad1cd2c5f760bfad!8m2!3d-6.9381985!4d107.6133707!16s%2Fg%2F11lf26zh9z!19sChIJ20ltJADpaC4Rrb9g98XSHK0?authuser=0&hl=id&rclk=1	Jl. BKR No.111, Cigereleng, Kec. Regol, Kota Bandung, Jawa Barat 40253		14/08/2026 10:47:07
Rul Janu		10 bulan lalu	5 bintang	Ci9DQUlRQUNvZENodHljRjlvT25aTE5UZ3RNa3RWUkZsMGVuWlNRekJpUkdkWFYyYxAB	-6.938198	107.613365	https://www.google.com/maps/place/VINFAST+BANDUNG/data=!4m7!3m6!1s0x2e68e900246d49db:0xad1cd2c5f760bfad!8m2!3d-6.9381985!4d107.6133707!16s%2Fg%2F11lf26zh9z!19sChIJ20ltJADpaC4Rrb9g98XSHK0?authuser=0&hl=id&rclk=1	Jl. BKR No.111, Cigereleng, Kec. Regol, Kota Bandung, Jawa Barat 40253		14/08/2026 10:47:07
Lina Doank		10 bulan lalu	5 bintang	Ci9DQUlRQUNvZENodHljRjlvT2xwQ1pXWTJUVGhOZW1OSWFVNU5aMmRXYVUxemMwRRAB	-6.938198	107.613365	https://www.google.com/maps/place/VINFAST+BANDUNG/data=!4m7!3m6!1s0x2e68e900246d49db:0xad1cd2c5f760bfad!8m2!3d-6.9381985!4d107.6133707!16s%2Fg%2F11lf26zh9z!19sChIJ20ltJADpaC4Rrb9g98XSHK0?authuser=0&hl=id&rclk=1	Jl. BKR No.111, Cigereleng, Kec. Regol, Kota Bandung, Jawa Barat 40253		14/08/2026 10:47:07
Poppy Fatimah		10 bulan lalu	5 bintang	Ci9DQUlRQUNvZENodHljRjlvT2pnMWFVbHBlRmRTUW5KdkxXeGxRekV5VUVkTWQwRRAB	-6.938198	107.613365	https://www.google.com/maps/place/VINFAST+BANDUNG/data=!4m7!3m6!1s0x2e68e900246d49db:0xad1cd2c5f760bfad!8m2!3d-6.9381985!4d107.6133707!16s%2Fg%2F11lf26zh9z!19sChIJ20ltJADpaC4Rrb9g98XSHK0?authuser=0&hl=id&rclk=1	Jl. BKR No.111, Cigereleng, Kec. Regol, Kota Bandung, Jawa Barat 40253		14/08/2026 10:47:07
Rul Januarsyah		setahun lalu	5 bintang	ChZDSUhNMG9nS0VOYnhodXJ0d015ckh3EAE	-6.938198	107.613365	https://www.google.com/maps/place/VINFAST+BANDUNG/data=!4m7!3m6!1s0x2e68e900246d49db:0xad1cd2c5f760bfad!8m2!3d-6.9381985!4d107.6133707!16s%2Fg%2F11lf26zh9z!19sChIJ20ltJADpaC4Rrb9g98XSHK0?authuser=0&hl=id&rclk=1	Jl. BKR No.111, Cigereleng, Kec. Regol, Kota Bandung, Jawa Barat 40253		14/08/2026 10:47:07
indra suryadi		setahun lalu	5 bintang	ChdDSUhNMG9nS0VJQ0FnTUNZbklfeDV3RRAB	-6.938198	107.613365	https://www.google.com/maps/place/VINFAST+BANDUNG/data=!4m7!3m6!1s0x2e68e900246d49db:0xad1cd2c5f760bfad!8m2!3d-6.9381985!4d107.6133707!16s%2Fg%2F11lf26zh9z!19sChIJ20ltJADpaC4Rrb9g98XSHK0?authuser=0&hl=id&rclk=1	Jl. BKR No.111, Cigereleng, Kec. Regol, Kota Bandung, Jawa Barat 40253		14/08/2026 10:47:07
Nia Kurnia		setahun lalu	5 bintang	ChdDSUhNMG9nS0VJQ0FnTURvbnVTd3FRRRAB	-6.938198	107.613365	https://www.google.com/maps/place/VINFAST+BANDUNG/data=!4m7!3m6!1s0x2e68e900246d49db:0xad1cd2c5f760bfad!8m2!3d-6.9381985!4d107.6133707!16s%2Fg%2F11lf26zh9z!19sChIJ20ltJADpaC4Rrb9g98XSHK0?authuser=0&hl=id&rclk=1	Jl. BKR No.111, Cigereleng, Kec. Regol, Kota Bandung, Jawa Barat 40253		14/08/2026 10:47:07
Pemanjat Kampung	Selamat siang, mau bertanya kalau untuk subsidi ada nggak ya min? Terimakasih	sebulan lalu	5 bintang	Ci9DQUlRQUNvZENodHljRjlvT2tkTkxXdzVZemxrVW1rNFpEaFdNa055ZEVSUmVXYxAB	-6.922115	107.629980	https://www.google.com/maps/place/Vinfast+Bandung+Laswi/data=!4m7!3m6!1s0x2e68e7043a8108fd:0x83ebd0e6912c89d0!8m2!3d-6.9221151!4d107.6299858!16s%2Fg%2F11xw23q_yy!19sChIJ_QiBOgTnaC4R0IkskebQ64M?authuser=0&hl=id&rclk=1	Jl. Laswi No.98, Cibangkong, Kec. Batununggal, Kota Bandung, Jawa Barat 40275	vinfastauto.co.id	14/08/2026 10:47:46
Syahrul Ichsan	Terima kasih atas pelayanan yang baik nya	3 minggu lalu	5 bintang	Ci9DQUlRQUNvZENodHljRjlvT25kMWFFMTBiMTlQYjBsblZqY3hVWE0wY0ZBME9XYxAB	-6.922115	107.629980	https://www.google.com/maps/place/Vinfast+Bandung+Laswi/data=!4m7!3m6!1s0x2e68e7043a8108fd:0x83ebd0e6912c89d0!8m2!3d-6.9221151!4d107.6299858!16s%2Fg%2F11xw23q_yy!19sChIJ_QiBOgTnaC4R0IkskebQ64M?authuser=0&hl=id&rclk=1	Jl. Laswi No.98, Cibangkong, Kec. Batununggal, Kota Bandung, Jawa Barat 40275	vinfastauto.co.id	14/08/2026 10:47:46
diar permata	VinFast Laswi bandung tempat penjualan mobil listrik yang memiliki kelebihan di banding dengan mobil listrik yang lain. Tertarik dan ingin tes Drive , gass ke Laswi di dealer resmi nya.	11 bulan lalu	5 bintang	Ci9DQUlRQUNvZENodHljRjlvT2t4R1JWZFRVVlYyTlVwSVNYUktaVmRVYkdnellsRRAB	-6.922115	107.629980	https://www.google.com/maps/place/Vinfast+Bandung+Laswi/data=!4m7!3m6!1s0x2e68e7043a8108fd:0x83ebd0e6912c89d0!8m2!3d-6.9221151!4d107.6299858!16s%2Fg%2F11xw23q_yy!19sChIJ_QiBOgTnaC4R0IkskebQ64M?authuser=0&hl=id&rclk=1	Jl. Laswi No.98, Cibangkong, Kec. Batununggal, Kota Bandung, Jawa Barat 40275	vinfastauto.co.id	14/08/2026 10:47:46
Agoes Sugih	"Dealer nya luas, Nyaman, pelayanan baik dan Salesnya ramah, fasilitas lengkap Sales, Service, Sparepart. Vinfast Laswi Bandung ""The Best""👍 …"	11 bulan lalu	5 bintang	Ci9DQUlRQUNvZENodHljRjlvT25ob00zZEVXVmMyZVd0M1dqVk1kVTFZVHpJeVFrRRAB	-6.922115	107.629980	https://www.google.com/maps/place/Vinfast+Bandung+Laswi/data=!4m7!3m6!1s0x2e68e7043a8108fd:0x83ebd0e6912c89d0!8m2!3d-6.9221151!4d107.6299858!16s%2Fg%2F11xw23q_yy!19sChIJ_QiBOgTnaC4R0IkskebQ64M?authuser=0&hl=id&rclk=1	Jl. Laswi No.98, Cibangkong, Kec. Batununggal, Kota Bandung, Jawa Barat 40275	vinfastauto.co.id	14/08/2026 10:47:46
Redy Sucipto (redi)	Delaernya besar, sales nya baik baik, pelayanan nya bagus banget, test drive gratis , di jemput kerumah pula pokonya the best !! Sukses terus buat vinfast	11 bulan lalu	5 bintang	Ci9DQUlRQUNvZENodHljRjlvT25KSk1WUmxMVjlsVW1welZsZE1UbWc1T0dOMlpIYxAB	-6.922115	107.629980	https://www.google.com/maps/place/Vinfast+Bandung+Laswi/data=!4m7!3m6!1s0x2e68e7043a8108fd:0x83ebd0e6912c89d0!8m2!3d-6.9221151!4d107.6299858!16s%2Fg%2F11xw23q_yy!19sChIJ_QiBOgTnaC4R0IkskebQ64M?authuser=0&hl=id&rclk=1	Jl. Laswi No.98, Cibangkong, Kec. Batununggal, Kota Bandung, Jawa Barat 40275	vinfastauto.co.id	14/08/2026 10:47:46
Wytha Nugraha	"Pelayanannya cepat dan ramah.
Pokonya mantul"	11 bulan lalu	5 bintang	Ci9DQUlRQUNvZENodHljRjlvT2trelJqWlFWbmhMZVhVMVNsSmxjWEJyZFdoSVJXYxAB	-6.922115	107.629980	https://www.google.com/maps/place/Vinfast+Bandung+Laswi/data=!4m7!3m6!1s0x2e68e7043a8108fd:0x83ebd0e6912c89d0!8m2!3d-6.9221151!4d107.6299858!16s%2Fg%2F11xw23q_yy!19sChIJ_QiBOgTnaC4R0IkskebQ64M?authuser=0&hl=id&rclk=1	Jl. Laswi No.98, Cibangkong, Kec. Batununggal, Kota Bandung, Jawa Barat 40275	vinfastauto.co.id	14/08/2026 10:47:46
Amelia Dwiputra	Pelayanannya bagus... sales nya juga ramah.. sangat rekomen bgt buat yg cari vinfast di bdg..	11 bulan lalu	5 bintang	Ci9DQUlRQUNvZENodHljRjlvT2s1S1gyRnNUak5HZEUxaFFqUjBORkU1YWtsbVdsRRAB	-6.922115	107.629980	https://www.google.com/maps/place/Vinfast+Bandung+Laswi/data=!4m7!3m6!1s0x2e68e7043a8108fd:0x83ebd0e6912c89d0!8m2!3d-6.9221151!4d107.6299858!16s%2Fg%2F11xw23q_yy!19sChIJ_QiBOgTnaC4R0IkskebQ64M?authuser=0&hl=id&rclk=1	Jl. Laswi No.98, Cibangkong, Kec. Batununggal, Kota Bandung, Jawa Barat 40275	vinfastauto.co.id	14/08/2026 10:47:46
Marlina	Ada nomer sales yang bisa saya hubungi?	6 bulan lalu	5 bintang	Ci9DQUlRQUNvZENodHljRjlvT20xSGMxaGhUVjh5UVZCeGJYUTJkbVkyZGxrelZWRRAB	-6.922115	107.629980	https://www.google.com/maps/place/Vinfast+Bandung+Laswi/data=!4m7!3m6!1s0x2e68e7043a8108fd:0x83ebd0e6912c89d0!8m2!3d-6.9221151!4d107.6299858!16s%2Fg%2F11xw23q_yy!19sChIJ_QiBOgTnaC4R0IkskebQ64M?authuser=0&hl=id&rclk=1	Jl. Laswi No.98, Cibangkong, Kec. Batununggal, Kota Bandung, Jawa Barat 40275	vinfastauto.co.id	14/08/2026 10:47:46
MhmdSiddikk	dealer vinfast terbaik di laswi,salesnya ramah ramah sampe dengan after salesnya juga	10 bulan lalu	5 bintang	Ci9DQUlRQUNvZENodHljRjlvT21kQk9FZ3dPSGxhWDIxbU4wdG5hMFUzTjFaaVNVRRAB	-6.922115	107.629980	https://www.google.com/maps/place/Vinfast+Bandung+Laswi/data=!4m7!3m6!1s0x2e68e7043a8108fd:0x83ebd0e6912c89d0!8m2!3d-6.9221151!4d107.6299858!16s%2Fg%2F11xw23q_yy!19sChIJ_QiBOgTnaC4R0IkskebQ64M?authuser=0&hl=id&rclk=1	Jl. Laswi No.98, Cibangkong, Kec. Batununggal, Kota Bandung, Jawa Barat 40275	vinfastauto.co.id	14/08/2026 10:47:46
Bunda Herna	pelayanannya sangat baikk	11 bulan lalu	5 bintang	Ci9DQUlRQUNvZENodHljRjlvT2xwMGRFRTRkbWxXV1RNeU9FOWxZemhYYURRNGNYYxAB	-6.922115	107.629980	https://www.google.com/maps/place/Vinfast+Bandung+Laswi/data=!4m7!3m6!1s0x2e68e7043a8108fd:0x83ebd0e6912c89d0!8m2!3d-6.9221151!4d107.6299858!16s%2Fg%2F11xw23q_yy!19sChIJ_QiBOgTnaC4R0IkskebQ64M?authuser=0&hl=id&rclk=1	Jl. Laswi No.98, Cibangkong, Kec. Batununggal, Kota Bandung, Jawa Barat 40275	vinfastauto.co.id	14/08/2026 10:47:46
Dedeh Hadijah	Kelebihannya banyak, investasi... klo bosen bisa d jual ke dealernya dgn harga tinggi	11 bulan lalu	5 bintang	Ci9DQUlRQUNvZENodHljRjlvT2xSME4yMUliV05TV2pJeGMxUnBVM1JaYTNGaVlsRRAB	-6.922115	107.629980	https://www.google.com/maps/place/Vinfast+Bandung+Laswi/data=!4m7!3m6!1s0x2e68e7043a8108fd:0x83ebd0e6912c89d0!8m2!3d-6.9221151!4d107.6299858!16s%2Fg%2F11xw23q_yy!19sChIJ_QiBOgTnaC4R0IkskebQ64M?authuser=0&hl=id&rclk=1	Jl. Laswi No.98, Cibangkong, Kec. Batununggal, Kota Bandung, Jawa Barat 40275	vinfastauto.co.id	14/08/2026 10:47:46
Ogiezone	"Dealer nya bersih, nyaman
Pelayanannya mantap, fast respon"	11 bulan lalu	5 bintang	Ci9DQUlRQUNvZENodHljRjlvT2xGeVVXbGtOM0EzVG1SUU0ydzRlRXc0ZVRKT2JsRRAB	-6.922115	107.629980	https://www.google.com/maps/place/Vinfast+Bandung+Laswi/data=!4m7!3m6!1s0x2e68e7043a8108fd:0x83ebd0e6912c89d0!8m2!3d-6.9221151!4d107.6299858!16s%2Fg%2F11xw23q_yy!19sChIJ_QiBOgTnaC4R0IkskebQ64M?authuser=0&hl=id&rclk=1	Jl. Laswi No.98, Cibangkong, Kec. Batununggal, Kota Bandung, Jawa Barat 40275	vinfastauto.co.id	14/08/2026 10:47:46
Fika Ardelia	Dealler nya besar,sales nya ramah ramah mobil listrik kekinian bgt model nya keren	11 bulan lalu	5 bintang	Ci9DQUlRQUNvZENodHljRjlvT210UU1FNW1Samh5TldGU1RHeE9MV1J5UTBzeFlWRRAB	-6.922115	107.629980	https://www.google.com/maps/place/Vinfast+Bandung+Laswi/data=!4m7!3m6!1s0x2e68e7043a8108fd:0x83ebd0e6912c89d0!8m2!3d-6.9221151!4d107.6299858!16s%2Fg%2F11xw23q_yy!19sChIJ_QiBOgTnaC4R0IkskebQ64M?authuser=0&hl=id&rclk=1	Jl. Laswi No.98, Cibangkong, Kec. Batununggal, Kota Bandung, Jawa Barat 40275	vinfastauto.co.id	14/08/2026 10:47:46
Verry Van Java VVJ	Selamat Atas dibuka cabang Baru Vinfast Bandung Sukses selalu	11 bulan lalu	5 bintang	Ci9DQUlRQUNvZENodHljRjlvT25jNVV6WnZXRWREVVRGaFVWOWtWa05pTWxaa09WRRAB	-6.922115	107.629980	https://www.google.com/maps/place/Vinfast+Bandung+Laswi/data=!4m7!3m6!1s0x2e68e7043a8108fd:0x83ebd0e6912c89d0!8m2!3d-6.9221151!4d107.6299858!16s%2Fg%2F11xw23q_yy!19sChIJ_QiBOgTnaC4R0IkskebQ64M?authuser=0&hl=id&rclk=1	Jl. Laswi No.98, Cibangkong, Kec. Batununggal, Kota Bandung, Jawa Barat 40275	vinfastauto.co.id	14/08/2026 10:47:46
aries rb81	Dealer baru, brand baru BM dan salesnya ramah ramah	11 bulan lalu	5 bintang	Ci9DQUlRQUNvZENodHljRjlvT2xCMmRHZGZTamhxVm5wWlNHNHpZMFJRZW1GNlZtYxAB	-6.922115	107.629980	https://www.google.com/maps/place/Vinfast+Bandung+Laswi/data=!4m7!3m6!1s0x2e68e7043a8108fd:0x83ebd0e6912c89d0!8m2!3d-6.9221151!4d107.6299858!16s%2Fg%2F11xw23q_yy!19sChIJ_QiBOgTnaC4R0IkskebQ64M?authuser=0&hl=id&rclk=1	Jl. Laswi No.98, Cibangkong, Kec. Batununggal, Kota Bandung, Jawa Barat 40275	vinfastauto.co.id	14/08/2026 10:47:46
anton sutomo	Pelayanannya ok banget	11 bulan lalu	5 bintang	Ci9DQUlRQUNvZENodHljRjlvT21wbWRtTktRVWRVZG5keFVESXRZbk5aT0hOcVVVRRAB	-6.922115	107.629980	https://www.google.com/maps/place/Vinfast+Bandung+Laswi/data=!4m7!3m6!1s0x2e68e7043a8108fd:0x83ebd0e6912c89d0!8m2!3d-6.9221151!4d107.6299858!16s%2Fg%2F11xw23q_yy!19sChIJ_QiBOgTnaC4R0IkskebQ64M?authuser=0&hl=id&rclk=1	Jl. Laswi No.98, Cibangkong, Kec. Batununggal, Kota Bandung, Jawa Barat 40275	vinfastauto.co.id	14/08/2026 10:47:46
Agung Nugraha	rekomended..sukses terus yah...	11 bulan lalu	5 bintang	Ci9DQUlRQUNvZENodHljRjlvT2pVNFFVaExMV2hGWm5SV2R5MUlUQzA0YW1OelRrRRAB	-6.922115	107.629980	https://www.google.com/maps/place/Vinfast+Bandung+Laswi/data=!4m7!3m6!1s0x2e68e7043a8108fd:0x83ebd0e6912c89d0!8m2!3d-6.9221151!4d107.6299858!16s%2Fg%2F11xw23q_yy!19sChIJ_QiBOgTnaC4R0IkskebQ64M?authuser=0&hl=id&rclk=1	Jl. Laswi No.98, Cibangkong, Kec. Batununggal, Kota Bandung, Jawa Barat 40275	vinfastauto.co.id	14/08/2026 10:47:46
Reza Setia nur janah	Mntap	11 bulan lalu	5 bintang	Ci9DQUlRQUNvZENodHljRjlvT2pWUldHbHdSRU5tYkZkWFVsQkJXbWRCT1VoVVVXYxAB	-6.922115	107.629980	https://www.google.com/maps/place/Vinfast+Bandung+Laswi/data=!4m7!3m6!1s0x2e68e7043a8108fd:0x83ebd0e6912c89d0!8m2!3d-6.9221151!4d107.6299858!16s%2Fg%2F11xw23q_yy!19sChIJ_QiBOgTnaC4R0IkskebQ64M?authuser=0&hl=id&rclk=1	Jl. Laswi No.98, Cibangkong, Kec. Batununggal, Kota Bandung, Jawa Barat 40275	vinfastauto.co.id	14/08/2026 10:47:46
Ar Darma	Dealer yg Helpfull & Solutif .... mantap	3 minggu lalu	5 bintang	Ci9DQUlRQUNvZENodHljRjlvT25GVVpGWTVSSEY2WkU5WWQwOHllR2N3ZG1Wb05IYxAB	-6.922115	107.629980	https://www.google.com/maps/place/Vinfast+Bandung+Laswi/data=!4m7!3m6!1s0x2e68e7043a8108fd:0x83ebd0e6912c89d0!8m2!3d-6.9221151!4d107.6299858!16s%2Fg%2F11xw23q_yy!19sChIJ_QiBOgTnaC4R0IkskebQ64M?authuser=0&hl=id&rclk=1	Jl. Laswi No.98, Cibangkong, Kec. Batununggal, Kota Bandung, Jawa Barat 40275	vinfastauto.co.id	14/08/2026 10:47:46
Faiz Husaini		3 bulan lalu	5 bintang	Ci9DQUlRQUNvZENodHljRjlvT2pKd1kyUndTakZDY1hSeWVFWTBkMGt6ZFhwTE5GRRAB	-6.922115	107.629980	https://www.google.com/maps/place/Vinfast+Bandung+Laswi/data=!4m7!3m6!1s0x2e68e7043a8108fd:0x83ebd0e6912c89d0!8m2!3d-6.9221151!4d107.6299858!16s%2Fg%2F11xw23q_yy!19sChIJ_QiBOgTnaC4R0IkskebQ64M?authuser=0&hl=id&rclk=1	Jl. Laswi No.98, Cibangkong, Kec. Batununggal, Kota Bandung, Jawa Barat 40275	vinfastauto.co.id	14/08/2026 10:47:46
Kikie Prawira		4 bulan lalu	3 bintang	Ci9DQUlRQUNvZENodHljRjlvT2t0UVpFVk5NRGxqTUZsbmVtRlRNazVoVkRWNkxXYxAB	-6.922115	107.629980	https://www.google.com/maps/place/Vinfast+Bandung+Laswi/data=!4m7!3m6!1s0x2e68e7043a8108fd:0x83ebd0e6912c89d0!8m2!3d-6.9221151!4d107.6299858!16s%2Fg%2F11xw23q_yy!19sChIJ_QiBOgTnaC4R0IkskebQ64M?authuser=0&hl=id&rclk=1	Jl. Laswi No.98, Cibangkong, Kec. Batununggal, Kota Bandung, Jawa Barat 40275	vinfastauto.co.id	14/08/2026 10:47:46
Milan Nandayana		5 bulan lalu	5 bintang	Ci9DQUlRQUNvZENodHljRjlvT210T2VuQnlXamQyVkY5bE0zTXlOR3hhTkhwWGNsRRAB	-6.922115	107.629980	https://www.google.com/maps/place/Vinfast+Bandung+Laswi/data=!4m7!3m6!1s0x2e68e7043a8108fd:0x83ebd0e6912c89d0!8m2!3d-6.9221151!4d107.6299858!16s%2Fg%2F11xw23q_yy!19sChIJ_QiBOgTnaC4R0IkskebQ64M?authuser=0&hl=id&rclk=1	Jl. Laswi No.98, Cibangkong, Kec. Batununggal, Kota Bandung, Jawa Barat 40275	vinfastauto.co.id	14/08/2026 10:47:46
David Haryadi	Terimakasih Atas ulasan positif ya Vinfam! Jika berkenan beritahu semua orang tentang Vinfast ya! … Lainnya	10 bulan lalu	5 bintang	Ci9DQUlRQUNvZENodHljRjlvT2toMlZUUmpjMFpmWjBsSFVVb3RSMlZFY1ZaeFozYxAB	-6.922115	107.629980	https://www.google.com/maps/place/Vinfast+Bandung+Laswi/data=!4m7!3m6!1s0x2e68e7043a8108fd:0x83ebd0e6912c89d0!8m2!3d-6.9221151!4d107.6299858!16s%2Fg%2F11xw23q_yy!19sChIJ_QiBOgTnaC4R0IkskebQ64M?authuser=0&hl=id&rclk=1	Jl. Laswi No.98, Cibangkong, Kec. Batununggal, Kota Bandung, Jawa Barat 40275	vinfastauto.co.id	14/08/2026 10:47:46
Ratna Giok	Terimakasih Atas ulasan positif ya Vinfam! Jika berkenan beritahu semua orang tentang Vinfast ya! … Lainnya	11 bulan lalu	5 bintang	Ci9DQUlRQUNvZENodHljRjlvT21GRmIwWmFZemRxZGxOZldsZ3pORXA0YTI1MVkzYxAB	-6.922115	107.629980	https://www.google.com/maps/place/Vinfast+Bandung+Laswi/data=!4m7!3m6!1s0x2e68e7043a8108fd:0x83ebd0e6912c89d0!8m2!3d-6.9221151!4d107.6299858!16s%2Fg%2F11xw23q_yy!19sChIJ_QiBOgTnaC4R0IkskebQ64M?authuser=0&hl=id&rclk=1	Jl. Laswi No.98, Cibangkong, Kec. Batununggal, Kota Bandung, Jawa Barat 40275	vinfastauto.co.id	14/08/2026 10:47:46
Novi Irawan	Terimakasih Atas ulasan positif ya Vinfam! Jika berkenan beritahu semua orang tentang Vinfast ya! … Lainnya	11 bulan lalu	5 bintang	Ci9DQUlRQUNvZENodHljRjlvT2twWGNFUlJWMk5XVG1sbVJHRkRVbE42VEdSamQyYxAB	-6.922115	107.629980	https://www.google.com/maps/place/Vinfast+Bandung+Laswi/data=!4m7!3m6!1s0x2e68e7043a8108fd:0x83ebd0e6912c89d0!8m2!3d-6.9221151!4d107.6299858!16s%2Fg%2F11xw23q_yy!19sChIJ_QiBOgTnaC4R0IkskebQ64M?authuser=0&hl=id&rclk=1	Jl. Laswi No.98, Cibangkong, Kec. Batununggal, Kota Bandung, Jawa Barat 40275	vinfastauto.co.id	14/08/2026 10:47:46
dini sastrosuwito	Terimakasih Atas ulasan positif ya Vinfam! Jika berkenan beritahu semua orang tentang Vinfast ya! … Lainnya	11 bulan lalu	5 bintang	Ci9DQUlRQUNvZENodHljRjlvT21KNGRHWkRjWEkwV2sxamJXcExhRmR1YkRKQ1dGRRAB	-6.922115	107.629980	https://www.google.com/maps/place/Vinfast+Bandung+Laswi/data=!4m7!3m6!1s0x2e68e7043a8108fd:0x83ebd0e6912c89d0!8m2!3d-6.9221151!4d107.6299858!16s%2Fg%2F11xw23q_yy!19sChIJ_QiBOgTnaC4R0IkskebQ64M?authuser=0&hl=id&rclk=1	Jl. Laswi No.98, Cibangkong, Kec. Batununggal, Kota Bandung, Jawa Barat 40275	vinfastauto.co.id	14/08/2026 10:47:46
Fani Fertiwi	Terimakasih Atas ulasan positif ya Vinfam! Jika berkenan beritahu semua orang tentang Vinfast ya! … Lainnya	11 bulan lalu	5 bintang	Ci9DQUlRQUNvZENodHljRjlvT2toTmVYSnFjR2t6U2xKVk9WSjZXak5HTWpaRk4yYxAB	-6.922115	107.629980	https://www.google.com/maps/place/Vinfast+Bandung+Laswi/data=!4m7!3m6!1s0x2e68e7043a8108fd:0x83ebd0e6912c89d0!8m2!3d-6.9221151!4d107.6299858!16s%2Fg%2F11xw23q_yy!19sChIJ_QiBOgTnaC4R0IkskebQ64M?authuser=0&hl=id&rclk=1	Jl. Laswi No.98, Cibangkong, Kec. Batununggal, Kota Bandung, Jawa Barat 40275	vinfastauto.co.id	14/08/2026 10:47:46
Keira Salon	Terimakasih Atas ulasan positif ya Vinfam! Jika berkenan beritahu semua orang tentang Vinfast ya! … Lainnya	11 bulan lalu	5 bintang	Ci9DQUlRQUNvZENodHljRjlvT2xkMlNIazRYM1JOWVRjM2RIZG9ia2xWYlVReWRVRRAB	-6.922115	107.629980	https://www.google.com/maps/place/Vinfast+Bandung+Laswi/data=!4m7!3m6!1s0x2e68e7043a8108fd:0x83ebd0e6912c89d0!8m2!3d-6.9221151!4d107.6299858!16s%2Fg%2F11xw23q_yy!19sChIJ_QiBOgTnaC4R0IkskebQ64M?authuser=0&hl=id&rclk=1	Jl. Laswi No.98, Cibangkong, Kec. Batununggal, Kota Bandung, Jawa Barat 40275	vinfastauto.co.id	14/08/2026 10:47:46
intan fdr	Terimakasih Atas ulasan positif ya Vinfam! Jika berkenan beritahu semua orang tentang Vinfast ya! … Lainnya	11 bulan lalu	5 bintang	Ci9DQUlRQUNvZENodHljRjlvT2xOaFNIazBUamhXUzAxWWQxSTBMVkZvZUc5MWJuYxAB	-6.922115	107.629980	https://www.google.com/maps/place/Vinfast+Bandung+Laswi/data=!4m7!3m6!1s0x2e68e7043a8108fd:0x83ebd0e6912c89d0!8m2!3d-6.9221151!4d107.6299858!16s%2Fg%2F11xw23q_yy!19sChIJ_QiBOgTnaC4R0IkskebQ64M?authuser=0&hl=id&rclk=1	Jl. Laswi No.98, Cibangkong, Kec. Batununggal, Kota Bandung, Jawa Barat 40275	vinfastauto.co.id	14/08/2026 10:47:46
Michel Putra	Terimakasih Atas ulasan positif ya Vinfam! Jika berkenan beritahu semua orang tentang Vinfast ya! … Lainnya	11 bulan lalu	5 bintang	Ci9DQUlRQUNvZENodHljRjlvT2xsS2FHOVhPVnA2TmpGUFdqbHZWVko1Ulc5S1JGRRAB	-6.922115	107.629980	https://www.google.com/maps/place/Vinfast+Bandung+Laswi/data=!4m7!3m6!1s0x2e68e7043a8108fd:0x83ebd0e6912c89d0!8m2!3d-6.9221151!4d107.6299858!16s%2Fg%2F11xw23q_yy!19sChIJ_QiBOgTnaC4R0IkskebQ64M?authuser=0&hl=id&rclk=1	Jl. Laswi No.98, Cibangkong, Kec. Batununggal, Kota Bandung, Jawa Barat 40275	vinfastauto.co.id	14/08/2026 10:47:46
Daniatur Rohmat		2 bulan lalu	5 bintang	Ci9DQUlRQUNvZENodHljRjlvT2pKU05XcFJZazFvUW1wVWRFd3RSblZDYmtOeVozYxAB	-6.539377	107.834845	https://www.google.com/maps/place/C%C3%B4ng+ty+vinfast/data=!4m7!3m6!1s0x2e693b00712639f5:0xdcbc591ba34ab6e5!8m2!3d-6.5393774!4d107.83485!16s%2Fg%2F11ys9p7g8t!19sChIJ9TkmcQA7aS4R5bZKoxtZvNw?authuser=0&hl=id&rclk=1	FR6M+6W, Cibogo, Kec. Cibogo, Kabupaten Subang, Jawa Barat 41285		14/08/2026 10:48:15
Die Daryawinata		2 bulan lalu	5 bintang	Ci9DQUlRQUNvZENodHljRjlvT2w5amFGWlpNbkp5Y2xKRlVuRk9NRkpqWkZSWFdFRRAB	-6.539377	107.834845	https://www.google.com/maps/place/C%C3%B4ng+ty+vinfast/data=!4m7!3m6!1s0x2e693b00712639f5:0xdcbc591ba34ab6e5!8m2!3d-6.5393774!4d107.83485!16s%2Fg%2F11ys9p7g8t!19sChIJ9TkmcQA7aS4R5bZKoxtZvNw?authuser=0&hl=id&rclk=1	FR6M+6W, Cibogo, Kec. Cibogo, Kabupaten Subang, Jawa Barat 41285		14/08/2026 10:48:15
Omay Subang		6 bulan lalu	5 bintang	Ci9DQUlRQUNvZENodHljRjlvT2xGYVNsSlhTR1JRY2s5Wk0xcEVWazVDTnpCb1dtYxAB	-6.539377	107.834845	https://www.google.com/maps/place/C%C3%B4ng+ty+vinfast/data=!4m7!3m6!1s0x2e693b00712639f5:0xdcbc591ba34ab6e5!8m2!3d-6.5393774!4d107.83485!16s%2Fg%2F11ys9p7g8t!19sChIJ9TkmcQA7aS4R5bZKoxtZvNw?authuser=0&hl=id&rclk=1	FR6M+6W, Cibogo, Kec. Cibogo, Kabupaten Subang, Jawa Barat 41285		14/08/2026 10:48:15
Tjetjep Firman Ahmad Nurjamil	Vinfast mobil listrik Made in Vietnam sangat recommended apalagi dgn adanya sewa Batre, mobil ekonomis terbaik untuk keluarga Indonesia	Diedit 10 bulan lalu	5 bintang	Ci9DQUlRQUNvZENodHljRjlvT2xGdVJqTkNha0l6UlROeVoyUnNMVVpPVmt0blRHYxAB	-6.877531	107.597643	https://www.google.com/maps/place/Dealer+vinfast+bandung/data=!4m7!3m6!1s0x2e68e700149379e7:0xb74a9cadaa1d534b!8m2!3d-6.8775309!4d107.597648!16s%2Fg%2F11x8hfzc55!19sChIJ53mTFADnaC4RS1Mdqq2cSrc?authuser=0&hl=id&rclk=1	Jl. Dr. Setiabudi No.106, Gegerkalong, Kec. Sukasari, Kota Bandung, Jawa Barat 40153		14/08/2026 10:48:49
Rina Elista	Ramah ramah salesnya sama baik juga oke pokoknya👍 …	2 bulan lalu	5 bintang	Ci9DQUlRQUNvZENodHljRjlvT2xsc2FETnpSbmhFVERGclNIUTJja2R0UkZadlpHYxAB	-6.877531	107.597643	https://www.google.com/maps/place/Dealer+vinfast+bandung/data=!4m7!3m6!1s0x2e68e700149379e7:0xb74a9cadaa1d534b!8m2!3d-6.8775309!4d107.597648!16s%2Fg%2F11x8hfzc55!19sChIJ53mTFADnaC4RS1Mdqq2cSrc?authuser=0&hl=id&rclk=1	Jl. Dr. Setiabudi No.106, Gegerkalong, Kec. Sukasari, Kota Bandung, Jawa Barat 40153		14/08/2026 10:48:49
Abay Feyi	pelayanan nya ramah banget!!! gakapok dehh beli di sinii	2 bulan lalu	5 bintang	Ci9DQUlRQUNvZENodHljRjlvT25aR2RFSTRZbGhFVkdOWmFsWXlWM05UUkROeFEzYxAB	-6.877531	107.597643	https://www.google.com/maps/place/Dealer+vinfast+bandung/data=!4m7!3m6!1s0x2e68e700149379e7:0xb74a9cadaa1d534b!8m2!3d-6.8775309!4d107.597648!16s%2Fg%2F11x8hfzc55!19sChIJ53mTFADnaC4RS1Mdqq2cSrc?authuser=0&hl=id&rclk=1	Jl. Dr. Setiabudi No.106, Gegerkalong, Kec. Sukasari, Kota Bandung, Jawa Barat 40153		14/08/2026 10:48:49
Vinfast Dbotanica	warna unit nya keren2	10 bulan lalu	5 bintang	Ci9DQUlRQUNvZENodHljRjlvT25kWVlVbGhXREZOTm1scFFVbGFka1V4VG1sVmNWRRAB	-6.877531	107.597643	https://www.google.com/maps/place/Dealer+vinfast+bandung/data=!4m7!3m6!1s0x2e68e700149379e7:0xb74a9cadaa1d534b!8m2!3d-6.8775309!4d107.597648!16s%2Fg%2F11x8hfzc55!19sChIJ53mTFADnaC4RS1Mdqq2cSrc?authuser=0&hl=id&rclk=1	Jl. Dr. Setiabudi No.106, Gegerkalong, Kec. Sukasari, Kota Bandung, Jawa Barat 40153		14/08/2026 10:48:49
Andri Purple	Promo mobil listrik akhir tahun 2025	7 bulan lalu	5 bintang	Ci9DQUlRQUNvZENodHljRjlvT2xwb2JsRXRjVGxzVlRSb2VUZzVWeTFtVUcxTVpsRRAB	-6.877531	107.597643	https://www.google.com/maps/place/Dealer+vinfast+bandung/data=!4m7!3m6!1s0x2e68e700149379e7:0xb74a9cadaa1d534b!8m2!3d-6.8775309!4d107.597648!16s%2Fg%2F11x8hfzc55!19sChIJ53mTFADnaC4RS1Mdqq2cSrc?authuser=0&hl=id&rclk=1	Jl. Dr. Setiabudi No.106, Gegerkalong, Kec. Sukasari, Kota Bandung, Jawa Barat 40153		14/08/2026 10:48:49
Dea Fitriani	Pelayannya mantep grecep	3 bulan lalu	5 bintang	Ci9DQUlRQUNvZENodHljRjlvT2pKc1QzaGxRemhmTWxwdFZFOUtPRlJzY2kwNFVHYxAB	-6.877531	107.597643	https://www.google.com/maps/place/Dealer+vinfast+bandung/data=!4m7!3m6!1s0x2e68e700149379e7:0xb74a9cadaa1d534b!8m2!3d-6.8775309!4d107.597648!16s%2Fg%2F11x8hfzc55!19sChIJ53mTFADnaC4RS1Mdqq2cSrc?authuser=0&hl=id&rclk=1	Jl. Dr. Setiabudi No.106, Gegerkalong, Kec. Sukasari, Kota Bandung, Jawa Barat 40153		14/08/2026 10:48:49
Adeng Maryana	Sales berpengalaman	setahun lalu	5 bintang	Ci9DQUlRQUNvZENodHljRjlvT21KNk1uYzJaR1J5ZHpCelh6ZEpTRGd5VmtWSVkwRRAB	-6.877531	107.597643	https://www.google.com/maps/place/Dealer+vinfast+bandung/data=!4m7!3m6!1s0x2e68e700149379e7:0xb74a9cadaa1d534b!8m2!3d-6.8775309!4d107.597648!16s%2Fg%2F11x8hfzc55!19sChIJ53mTFADnaC4RS1Mdqq2cSrc?authuser=0&hl=id&rclk=1	Jl. Dr. Setiabudi No.106, Gegerkalong, Kec. Sukasari, Kota Bandung, Jawa Barat 40153		14/08/2026 10:48:49
Gebyar Ahadiakbar Gustianadireja	Saya membeli mobil listrik VF7 saya dari VinFast dan benar-benar terkesan dengan pengalamannya. Tim mereka menawarkan saya penawaran terbaik yang bisa saya temukan, dengan harga yang transparan dan layanan pelanggan yang sangat baik …	11 bulan lalu	5 bintang	Ci9DQUlRQUNvZENodHljRjlvT2tGaVVqZFlja0ZDTWt4R2VXZHBVRXRqTmtsb1QzYxAB	-6.877531	107.597643	https://www.google.com/maps/place/Dealer+vinfast+bandung/data=!4m7!3m6!1s0x2e68e700149379e7:0xb74a9cadaa1d534b!8m2!3d-6.8775309!4d107.597648!16s%2Fg%2F11x8hfzc55!19sChIJ53mTFADnaC4RS1Mdqq2cSrc?authuser=0&hl=id&rclk=1	Jl. Dr. Setiabudi No.106, Gegerkalong, Kec. Sukasari, Kota Bandung, Jawa Barat 40153		14/08/2026 10:48:49
Prabawa Eka Satya	Dealer Geely	setahun lalu	3 bintang	ChdDSUhNMG9nS0VJQ0FnTURveEoyVTJ3RRAB	-6.877531	107.597643	https://www.google.com/maps/place/Dealer+vinfast+bandung/data=!4m7!3m6!1s0x2e68e700149379e7:0xb74a9cadaa1d534b!8m2!3d-6.8775309!4d107.597648!16s%2Fg%2F11x8hfzc55!19sChIJ53mTFADnaC4RS1Mdqq2cSrc?authuser=0&hl=id&rclk=1	Jl. Dr. Setiabudi No.106, Gegerkalong, Kec. Sukasari, Kota Bandung, Jawa Barat 40153		14/08/2026 10:48:49
rakhaa dieraa		8 bulan lalu	5 bintang	Ci9DQUlRQUNvZENodHljRjlvT21Sek1uUkZkVE5aWjFCeGMwcDVOVkJsT1VaWk5IYxAB	-6.877531	107.597643	https://www.google.com/maps/place/Dealer+vinfast+bandung/data=!4m7!3m6!1s0x2e68e700149379e7:0xb74a9cadaa1d534b!8m2!3d-6.8775309!4d107.597648!16s%2Fg%2F11x8hfzc55!19sChIJ53mTFADnaC4RS1Mdqq2cSrc?authuser=0&hl=id&rclk=1	Jl. Dr. Setiabudi No.106, Gegerkalong, Kec. Sukasari, Kota Bandung, Jawa Barat 40153		14/08/2026 10:48:49
Tigor Tobing		10 bulan lalu	5 bintang	Ci9DQUlRQUNvZENodHljRjlvT25Nd1JtaEZNVXhXTm5SR1RuVk9PRk5CUkU5MWQzYxAB	-6.877531	107.597643	https://www.google.com/maps/place/Dealer+vinfast+bandung/data=!4m7!3m6!1s0x2e68e700149379e7:0xb74a9cadaa1d534b!8m2!3d-6.8775309!4d107.597648!16s%2Fg%2F11x8hfzc55!19sChIJ53mTFADnaC4RS1Mdqq2cSrc?authuser=0&hl=id&rclk=1	Jl. Dr. Setiabudi No.106, Gegerkalong, Kec. Sukasari, Kota Bandung, Jawa Barat 40153		14/08/2026 10:48:49
David Haryadi		10 bulan lalu	5 bintang	Ci9DQUlRQUNvZENodHljRjlvT21kaVJYUTNVVzFzTld0WVUyazBUa0pZTlZvNVNIYxAB	-6.877531	107.597643	https://www.google.com/maps/place/Dealer+vinfast+bandung/data=!4m7!3m6!1s0x2e68e700149379e7:0xb74a9cadaa1d534b!8m2!3d-6.8775309!4d107.597648!16s%2Fg%2F11x8hfzc55!19sChIJ53mTFADnaC4RS1Mdqq2cSrc?authuser=0&hl=id&rclk=1	Jl. Dr. Setiabudi No.106, Gegerkalong, Kec. Sukasari, Kota Bandung, Jawa Barat 40153		14/08/2026 10:48:49
narulita senna		setahun lalu	5 bintang	ChZDSUhNMG9nS0VLR2g2YWltajR5RUR3EAE	-6.877531	107.597643	https://www.google.com/maps/place/Dealer+vinfast+bandung/data=!4m7!3m6!1s0x2e68e700149379e7:0xb74a9cadaa1d534b!8m2!3d-6.8775309!4d107.597648!16s%2Fg%2F11x8hfzc55!19sChIJ53mTFADnaC4RS1Mdqq2cSrc?authuser=0&hl=id&rclk=1	Jl. Dr. Setiabudi No.106, Gegerkalong, Kec. Sukasari, Kota Bandung, Jawa Barat 40153		14/08/2026 10:48:49
HERI SETIAWAN		setahun lalu	5 bintang	ChdDSUhNMG9nS0VJQ0FnTURJcmRmOXJRRRAB	-6.877531	107.597643	https://www.google.com/maps/place/Dealer+vinfast+bandung/data=!4m7!3m6!1s0x2e68e700149379e7:0xb74a9cadaa1d534b!8m2!3d-6.8775309!4d107.597648!16s%2Fg%2F11x8hfzc55!19sChIJ53mTFADnaC4RS1Mdqq2cSrc?authuser=0&hl=id&rclk=1	Jl. Dr. Setiabudi No.106, Gegerkalong, Kec. Sukasari, Kota Bandung, Jawa Barat 40153		14/08/2026 10:48:49
Daman Imron	Sdh hampir 3 bulan beli mobil disini, sampai sekarang STNK nya ga jelas jadi nya kapan..	sebulan lalu	1 bintang	Ci9DQUlRQUNvZENodHljRjlvT25wWmJrMDNiMlJ2U0RWamVWRm1hM0JwVHpSVVMwRRAB	-7.778912	110.456046	https://www.google.com/maps/place/VinFast+Yogyakarta/data=!4m7!3m6!1s0x2e7a59007957a57b:0x4ca19d37f36056ae!8m2!3d-7.7789116!4d110.4560516!16s%2Fg%2F11y7d2tdpl!19sChIJe6VXeQBZei4RrlZg8zedoUw?authuser=0&hl=id&rclk=1	Jl. Raya Solo - Yogyakarta No.Km. 11, Mangunan, Kalitirto, Kec. Berbah, Kabupaten Sleman, Daerah Istimewa Yogyakarta 55573	vinfastyogyakarta.com	14/08/2026 10:49:28
Denny Albert Sam	Menarik sekali EV SUV ini ada system battery berlangganan jd gak usah kuatir soal battery dan fitur nya jg sudah lengkap, untuk charging jg sudah CCS 2 dan dapet free portable charger + wall charger	Diedit setahun lalu	5 bintang	ChZDSUhNMG9nS0VJQ0FnSURiNU1mOGFBEAE	-7.778912	110.456046	https://www.google.com/maps/place/VinFast+Yogyakarta/data=!4m7!3m6!1s0x2e7a59007957a57b:0x4ca19d37f36056ae!8m2!3d-7.7789116!4d110.4560516!16s%2Fg%2F11y7d2tdpl!19sChIJe6VXeQBZei4RrlZg8zedoUw?authuser=0&hl=id&rclk=1	Jl. Raya Solo - Yogyakarta No.Km. 11, Mangunan, Kalitirto, Kec. Berbah, Kabupaten Sleman, Daerah Istimewa Yogyakarta 55573	vinfastyogyakarta.com	14/08/2026 10:49:28
Manakh	Jualan motor listrik tdk ya	3 bulan lalu	5 bintang	Ci9DQUlRQUNvZENodHljRjlvT25GeWFIazJjbnB5WDJveFlqVTNhVU0wZFdVdFJtYxAB	-7.778912	110.456046	https://www.google.com/maps/place/VinFast+Yogyakarta/data=!4m7!3m6!1s0x2e7a59007957a57b:0x4ca19d37f36056ae!8m2!3d-7.7789116!4d110.4560516!16s%2Fg%2F11y7d2tdpl!19sChIJe6VXeQBZei4RrlZg8zedoUw?authuser=0&hl=id&rclk=1	Jl. Raya Solo - Yogyakarta No.Km. 11, Mangunan, Kalitirto, Kec. Berbah, Kabupaten Sleman, Daerah Istimewa Yogyakarta 55573	vinfastyogyakarta.com	14/08/2026 10:49:28
Hendriyawan Achmad	Sudah ganti jadi dealer Jaecoo	7 bulan lalu	5 bintang	Ci9DQUlRQUNvZENodHljRjlvT21vdGFGVmFZVVZvTkd0TFlWZzNSekl5VURoTFRVRRAB	-7.778912	110.456046	https://www.google.com/maps/place/VinFast+Yogyakarta/data=!4m7!3m6!1s0x2e7a59007957a57b:0x4ca19d37f36056ae!8m2!3d-7.7789116!4d110.4560516!16s%2Fg%2F11y7d2tdpl!19sChIJe6VXeQBZei4RrlZg8zedoUw?authuser=0&hl=id&rclk=1	Jl. Raya Solo - Yogyakarta No.Km. 11, Mangunan, Kalitirto, Kec. Berbah, Kabupaten Sleman, Daerah Istimewa Yogyakarta 55573	vinfastyogyakarta.com	14/08/2026 10:49:28
Kevin Sifa BYD	Selamat VinFast jogja semakin gemilang dengan kualitas mobil listrik yang baik menurut saya🫰 …	setahun lalu	5 bintang	ChZDSUhNMG9nS0VJQ0FnSURQeDZlUVZREAE	-7.778912	110.456046	https://www.google.com/maps/place/VinFast+Yogyakarta/data=!4m7!3m6!1s0x2e7a59007957a57b:0x4ca19d37f36056ae!8m2!3d-7.7789116!4d110.4560516!16s%2Fg%2F11y7d2tdpl!19sChIJe6VXeQBZei4RrlZg8zedoUw?authuser=0&hl=id&rclk=1	Jl. Raya Solo - Yogyakarta No.Km. 11, Mangunan, Kalitirto, Kec. Berbah, Kabupaten Sleman, Daerah Istimewa Yogyakarta 55573	vinfastyogyakarta.com	14/08/2026 10:49:28
Adi lezatos	Tempatnya strategis, pelayanannya ramah	setahun lalu	5 bintang	ChZDSUhNMG9nS0VJQ0FnSURQcDRpY1BnEAE	-7.778912	110.456046	https://www.google.com/maps/place/VinFast+Yogyakarta/data=!4m7!3m6!1s0x2e7a59007957a57b:0x4ca19d37f36056ae!8m2!3d-7.7789116!4d110.4560516!16s%2Fg%2F11y7d2tdpl!19sChIJe6VXeQBZei4RrlZg8zedoUw?authuser=0&hl=id&rclk=1	Jl. Raya Solo - Yogyakarta No.Km. 11, Mangunan, Kalitirto, Kec. Berbah, Kabupaten Sleman, Daerah Istimewa Yogyakarta 55573	vinfastyogyakarta.com	14/08/2026 10:49:28
rossi yulianto	Mantaab keren mobilnya	2 tahun lalu	5 bintang	ChdDSUhNMG9nS0VJQ0FnSURibE1EaTZBRRAB	-7.778912	110.456046	https://www.google.com/maps/place/VinFast+Yogyakarta/data=!4m7!3m6!1s0x2e7a59007957a57b:0x4ca19d37f36056ae!8m2!3d-7.7789116!4d110.4560516!16s%2Fg%2F11y7d2tdpl!19sChIJe6VXeQBZei4RrlZg8zedoUw?authuser=0&hl=id&rclk=1	Jl. Raya Solo - Yogyakarta No.Km. 11, Mangunan, Kalitirto, Kec. Berbah, Kabupaten Sleman, Daerah Istimewa Yogyakarta 55573	vinfastyogyakarta.com	14/08/2026 10:49:28
Rasyid Faruqi	pemrosesan cepat	setahun lalu	5 bintang	ChZDSUhNMG9nS0VJS24zZE9OLTVfak13EAE	-7.778912	110.456046	https://www.google.com/maps/place/VinFast+Yogyakarta/data=!4m7!3m6!1s0x2e7a59007957a57b:0x4ca19d37f36056ae!8m2!3d-7.7789116!4d110.4560516!16s%2Fg%2F11y7d2tdpl!19sChIJe6VXeQBZei4RrlZg8zedoUw?authuser=0&hl=id&rclk=1	Jl. Raya Solo - Yogyakarta No.Km. 11, Mangunan, Kalitirto, Kec. Berbah, Kabupaten Sleman, Daerah Istimewa Yogyakarta 55573	vinfastyogyakarta.com	14/08/2026 10:49:28
jalan-jalan cari rumah chanel	Tempatnya nyaman	2 tahun lalu	5 bintang	ChdDSUhNMG9nS0VJQ0FnSUM3ak4tbWxBRRAB	-7.778912	110.456046	https://www.google.com/maps/place/VinFast+Yogyakarta/data=!4m7!3m6!1s0x2e7a59007957a57b:0x4ca19d37f36056ae!8m2!3d-7.7789116!4d110.4560516!16s%2Fg%2F11y7d2tdpl!19sChIJe6VXeQBZei4RrlZg8zedoUw?authuser=0&hl=id&rclk=1	Jl. Raya Solo - Yogyakarta No.Km. 11, Mangunan, Kalitirto, Kec. Berbah, Kabupaten Sleman, Daerah Istimewa Yogyakarta 55573	vinfastyogyakarta.com	14/08/2026 10:49:28
Salatiga pride towing	Bagus	9 bulan lalu	5 bintang	Ci9DQUlRQUNvZENodHljRjlvT2tONFpESnFNbUUwTFdWc2VURXRYMVZzTkdwUmVsRRAB	-7.778912	110.456046	https://www.google.com/maps/place/VinFast+Yogyakarta/data=!4m7!3m6!1s0x2e7a59007957a57b:0x4ca19d37f36056ae!8m2!3d-7.7789116!4d110.4560516!16s%2Fg%2F11y7d2tdpl!19sChIJe6VXeQBZei4RrlZg8zedoUw?authuser=0&hl=id&rclk=1	Jl. Raya Solo - Yogyakarta No.Km. 11, Mangunan, Kalitirto, Kec. Berbah, Kabupaten Sleman, Daerah Istimewa Yogyakarta 55573	vinfastyogyakarta.com	14/08/2026 10:49:28
Muhammad Kharismawan	Tempat yang bagus untuk melihat mobil.	sebulan lalu	4 bintang	Ci9DQUlRQUNvZENodHljRjlvT20xbk5UVTNSalJ3YnkxVE9WVnJlRTlMT1ZOYU1rRRAB	-7.778912	110.456046	https://www.google.com/maps/place/VinFast+Yogyakarta/data=!4m7!3m6!1s0x2e7a59007957a57b:0x4ca19d37f36056ae!8m2!3d-7.7789116!4d110.4560516!16s%2Fg%2F11y7d2tdpl!19sChIJe6VXeQBZei4RrlZg8zedoUw?authuser=0&hl=id&rclk=1	Jl. Raya Solo - Yogyakarta No.Km. 11, Mangunan, Kalitirto, Kec. Berbah, Kabupaten Sleman, Daerah Istimewa Yogyakarta 55573	vinfastyogyakarta.com	14/08/2026 10:49:28
BA Baraccus	Terima kasih untuk ulasannya	2 bulan lalu	5 bintang	Ci9DQUlRQUNvZENodHljRjlvT2pGYU1ra3RZWGd0VnpJeFFWUjVaVFJ4VEVGdGVtYxAB	-7.778912	110.456046	https://www.google.com/maps/place/VinFast+Yogyakarta/data=!4m7!3m6!1s0x2e7a59007957a57b:0x4ca19d37f36056ae!8m2!3d-7.7789116!4d110.4560516!16s%2Fg%2F11y7d2tdpl!19sChIJe6VXeQBZei4RrlZg8zedoUw?authuser=0&hl=id&rclk=1	Jl. Raya Solo - Yogyakarta No.Km. 11, Mangunan, Kalitirto, Kec. Berbah, Kabupaten Sleman, Daerah Istimewa Yogyakarta 55573	vinfastyogyakarta.com	14/08/2026 10:49:28
Theo	Terima kasih untuk ulasannya	2 bulan lalu	1 bintang	Ci9DQUlRQUNvZENodHljRjlvT21Nd1MycDZOMVZGTURjd2F6UkhVMDB3VW1ndGIyYxAB	-7.778912	110.456046	https://www.google.com/maps/place/VinFast+Yogyakarta/data=!4m7!3m6!1s0x2e7a59007957a57b:0x4ca19d37f36056ae!8m2!3d-7.7789116!4d110.4560516!16s%2Fg%2F11y7d2tdpl!19sChIJe6VXeQBZei4RrlZg8zedoUw?authuser=0&hl=id&rclk=1	Jl. Raya Solo - Yogyakarta No.Km. 11, Mangunan, Kalitirto, Kec. Berbah, Kabupaten Sleman, Daerah Istimewa Yogyakarta 55573	vinfastyogyakarta.com	14/08/2026 10:49:28
Ridho Nugraha	Terima kasih untuk ulasannya	4 bulan lalu	5 bintang	Ci9DQUlRQUNvZENodHljRjlvT25SWGRuUkpaWGhLWjNSdk5XVlJaWEp3V0ZsMGJWRRAB	-7.778912	110.456046	https://www.google.com/maps/place/VinFast+Yogyakarta/data=!4m7!3m6!1s0x2e7a59007957a57b:0x4ca19d37f36056ae!8m2!3d-7.7789116!4d110.4560516!16s%2Fg%2F11y7d2tdpl!19sChIJe6VXeQBZei4RrlZg8zedoUw?authuser=0&hl=id&rclk=1	Jl. Raya Solo - Yogyakarta No.Km. 11, Mangunan, Kalitirto, Kec. Berbah, Kabupaten Sleman, Daerah Istimewa Yogyakarta 55573	vinfastyogyakarta.com	14/08/2026 10:49:28
Dhifa Akbar Prasetyo	Terima kasih untuk ulasannya kak	6 bulan lalu	5 bintang	Ci9DQUlRQUNvZENodHljRjlvT21aSFlrbDROVWQzZUU4d1lreHRSMFJoWlZJd2EyYxAB	-7.778912	110.456046	https://www.google.com/maps/place/VinFast+Yogyakarta/data=!4m7!3m6!1s0x2e7a59007957a57b:0x4ca19d37f36056ae!8m2!3d-7.7789116!4d110.4560516!16s%2Fg%2F11y7d2tdpl!19sChIJe6VXeQBZei4RrlZg8zedoUw?authuser=0&hl=id&rclk=1	Jl. Raya Solo - Yogyakarta No.Km. 11, Mangunan, Kalitirto, Kec. Berbah, Kabupaten Sleman, Daerah Istimewa Yogyakarta 55573	vinfastyogyakarta.com	14/08/2026 10:49:28
Kimcho Kimmy		setahun lalu	1 bintang	ChZDSUhNMG9nS0VJQ0FnSUNmc2VHblhBEAE	-7.778912	110.456046	https://www.google.com/maps/place/VinFast+Yogyakarta/data=!4m7!3m6!1s0x2e7a59007957a57b:0x4ca19d37f36056ae!8m2!3d-7.7789116!4d110.4560516!16s%2Fg%2F11y7d2tdpl!19sChIJe6VXeQBZei4RrlZg8zedoUw?authuser=0&hl=id&rclk=1	Jl. Raya Solo - Yogyakarta No.Km. 11, Mangunan, Kalitirto, Kec. Berbah, Kabupaten Sleman, Daerah Istimewa Yogyakarta 55573	vinfastyogyakarta.com	14/08/2026 10:49:28
Anton Nugroho		setahun lalu	5 bintang	ChdDSUhNMG9nS0VJQ0FnSURQcF9tUDV3RRAB	-7.778912	110.456046	https://www.google.com/maps/place/VinFast+Yogyakarta/data=!4m7!3m6!1s0x2e7a59007957a57b:0x4ca19d37f36056ae!8m2!3d-7.7789116!4d110.4560516!16s%2Fg%2F11y7d2tdpl!19sChIJe6VXeQBZei4RrlZg8zedoUw?authuser=0&hl=id&rclk=1	Jl. Raya Solo - Yogyakarta No.Km. 11, Mangunan, Kalitirto, Kec. Berbah, Kabupaten Sleman, Daerah Istimewa Yogyakarta 55573	vinfastyogyakarta.com	14/08/2026 10:49:28
Fori Yohanes		setahun lalu	5 bintang	ChdDSUhNMG9nS0VJQ0FnSURQcDh1cjdRRRAB	-7.778912	110.456046	https://www.google.com/maps/place/VinFast+Yogyakarta/data=!4m7!3m6!1s0x2e7a59007957a57b:0x4ca19d37f36056ae!8m2!3d-7.7789116!4d110.4560516!16s%2Fg%2F11y7d2tdpl!19sChIJe6VXeQBZei4RrlZg8zedoUw?authuser=0&hl=id&rclk=1	Jl. Raya Solo - Yogyakarta No.Km. 11, Mangunan, Kalitirto, Kec. Berbah, Kabupaten Sleman, Daerah Istimewa Yogyakarta 55573	vinfastyogyakarta.com	14/08/2026 10:49:28
Evo 2000		setahun lalu	5 bintang	ChZDSUhNMG9nS0VJQ0FnSURQeDlmYmRREAE	-7.778912	110.456046	https://www.google.com/maps/place/VinFast+Yogyakarta/data=!4m7!3m6!1s0x2e7a59007957a57b:0x4ca19d37f36056ae!8m2!3d-7.7789116!4d110.4560516!16s%2Fg%2F11y7d2tdpl!19sChIJe6VXeQBZei4RrlZg8zedoUw?authuser=0&hl=id&rclk=1	Jl. Raya Solo - Yogyakarta No.Km. 11, Mangunan, Kalitirto, Kec. Berbah, Kabupaten Sleman, Daerah Istimewa Yogyakarta 55573	vinfastyogyakarta.com	14/08/2026 10:49:28
Anastasia Yoma		2 tahun lalu	5 bintang	ChZDSUhNMG9nS0VJQ0FnSURibE5DN0h3EAE	-7.778912	110.456046	https://www.google.com/maps/place/VinFast+Yogyakarta/data=!4m7!3m6!1s0x2e7a59007957a57b:0x4ca19d37f36056ae!8m2!3d-7.7789116!4d110.4560516!16s%2Fg%2F11y7d2tdpl!19sChIJe6VXeQBZei4RrlZg8zedoUw?authuser=0&hl=id&rclk=1	Jl. Raya Solo - Yogyakarta No.Km. 11, Mangunan, Kalitirto, Kec. Berbah, Kabupaten Sleman, Daerah Istimewa Yogyakarta 55573	vinfastyogyakarta.com	14/08/2026 10:49:28
wafiy herwanto		2 tahun lalu	5 bintang	ChZDSUhNMG9nS0VJQ0FnSURibEtEbVVnEAE	-7.778912	110.456046	https://www.google.com/maps/place/VinFast+Yogyakarta/data=!4m7!3m6!1s0x2e7a59007957a57b:0x4ca19d37f36056ae!8m2!3d-7.7789116!4d110.4560516!16s%2Fg%2F11y7d2tdpl!19sChIJe6VXeQBZei4RrlZg8zedoUw?authuser=0&hl=id&rclk=1	Jl. Raya Solo - Yogyakarta No.Km. 11, Mangunan, Kalitirto, Kec. Berbah, Kabupaten Sleman, Daerah Istimewa Yogyakarta 55573	vinfastyogyakarta.com	14/08/2026 10:49:28
Glenn Siwabessy	So far VF3 & VF6 jadi salah satu wish list favorit, model sama fiturnya bikin nyaman berkendara...very nice! …	2 bulan lalu	5 bintang	Ci9DQUlRQUNvZENodHljRjlvT25GblVGcElZbHBDTFZjelRFNUxWVzlvTkhCWlZGRRAB	-6.261271	106.788706	https://www.google.com/maps/place/Vinfast+Radio+Dalam/data=!4m7!3m6!1s0x2e69f1e1d9588a4d:0x94543820ba3a7981!8m2!3d-6.2612713!4d106.788711!16s%2Fg%2F11vyrh111_!19sChIJTYpY2eHxaS4RgXk6uiA4VJQ?authuser=0&hl=id&rclk=1	Jl. Radio Dalam Raya No.47-49, RT.1/RW.15, Gandaria Utara, Kec. Kby. Baru, Kota Jakarta Selatan, Daerah Khusus Ibukota Jakarta 12140		14/08/2026 10:50:07
Devan Setiawan	Charging Vgreen buka 24jam diradio dalam tempatnya nyaman dan bersih	6 bulan lalu	5 bintang	Ci9DQUlRQUNvZENodHljRjlvT2twWGRFMU1OWGxTTFdScE56Tm1abk5zVm5KbU9FRRAB	-6.261271	106.788706	https://www.google.com/maps/place/Vinfast+Radio+Dalam/data=!4m7!3m6!1s0x2e69f1e1d9588a4d:0x94543820ba3a7981!8m2!3d-6.2612713!4d106.788711!16s%2Fg%2F11vyrh111_!19sChIJTYpY2eHxaS4RgXk6uiA4VJQ?authuser=0&hl=id&rclk=1	Jl. Radio Dalam Raya No.47-49, RT.1/RW.15, Gandaria Utara, Kec. Kby. Baru, Kota Jakarta Selatan, Daerah Khusus Ibukota Jakarta 12140		14/08/2026 10:50:07
Dealer Jakarta	"SAYA TINGGAL DI PONDOK INDAH , DAN
SAYA MENAYAKAN PERIHAL UPDATE SOFTWARE, DAN PIHAK DEALER RADIO DALAM MEMINTA SAYA DATANG KE DEPOK DAN ITU SANGAT JAUH SEKALI DAN TIDAK EFISIEN , SAYA SANGAT …"	10 bulan lalu	1 bintang	Ci9DQUlRQUNvZENodHljRjlvT25wbk9UZFJlVmRWYTFZd2MzRnJaVTFwY21oUFRFRRAB	-6.261271	106.788706	https://www.google.com/maps/place/Vinfast+Radio+Dalam/data=!4m7!3m6!1s0x2e69f1e1d9588a4d:0x94543820ba3a7981!8m2!3d-6.2612713!4d106.788711!16s%2Fg%2F11vyrh111_!19sChIJTYpY2eHxaS4RgXk6uiA4VJQ?authuser=0&hl=id&rclk=1	Jl. Radio Dalam Raya No.47-49, RT.1/RW.15, Gandaria Utara, Kec. Kby. Baru, Kota Jakarta Selatan, Daerah Khusus Ibukota Jakarta 12140		14/08/2026 10:50:07
Muhamad Basuki	Saya salah satu customer yang ambil unit Vinfast VF5 di dealer Radio Dalam ini, sangat rekomendasi sekali jika Anda calon customer akan  ambil unit Vinfast disini, saya sangat puas dari awal Januari sampai handover sangat dibantu sekali dg …	setahun lalu	5 bintang	ChdDSUhNMG9nS0VJQ0FnTUNnaExQVXBnRRAB	-6.261271	106.788706	https://www.google.com/maps/place/Vinfast+Radio+Dalam/data=!4m7!3m6!1s0x2e69f1e1d9588a4d:0x94543820ba3a7981!8m2!3d-6.2612713!4d106.788711!16s%2Fg%2F11vyrh111_!19sChIJTYpY2eHxaS4RgXk6uiA4VJQ?authuser=0&hl=id&rclk=1	Jl. Radio Dalam Raya No.47-49, RT.1/RW.15, Gandaria Utara, Kec. Kby. Baru, Kota Jakarta Selatan, Daerah Khusus Ibukota Jakarta 12140		14/08/2026 10:50:07
Vygo Monaco	"Mau ngecas sudah terpasang minta dicabut oleh security
Dan kalau mau ngecas suruh bayar parkir 5000"	3 bulan lalu	1 bintang	Ci9DQUlRQUNvZENodHljRjlvT2xsWmMyVmxjVVp1TmpoS1QwMUJZMnBPVmxKQk1VRRAB	-6.261271	106.788706	https://www.google.com/maps/place/Vinfast+Radio+Dalam/data=!4m7!3m6!1s0x2e69f1e1d9588a4d:0x94543820ba3a7981!8m2!3d-6.2612713!4d106.788711!16s%2Fg%2F11vyrh111_!19sChIJTYpY2eHxaS4RgXk6uiA4VJQ?authuser=0&hl=id&rclk=1	Jl. Radio Dalam Raya No.47-49, RT.1/RW.15, Gandaria Utara, Kec. Kby. Baru, Kota Jakarta Selatan, Daerah Khusus Ibukota Jakarta 12140		14/08/2026 10:50:07
Pojok mainan	Sudah beli gratis chager tapi gak bisa di gunakan, ini mau sampai kapan sudah seminggu gak bisa, alasan lg mainten ini merugikan costumer bgt	6 bulan lalu	1 bintang	Ci9DQUlRQUNvZENodHljRjlvT2pka2FHOUVhemxLY25oblJFWmFTMlV4TldKNFMxRRAB	-6.261271	106.788706	https://www.google.com/maps/place/Vinfast+Radio+Dalam/data=!4m7!3m6!1s0x2e69f1e1d9588a4d:0x94543820ba3a7981!8m2!3d-6.2612713!4d106.788711!16s%2Fg%2F11vyrh111_!19sChIJTYpY2eHxaS4RgXk6uiA4VJQ?authuser=0&hl=id&rclk=1	Jl. Radio Dalam Raya No.47-49, RT.1/RW.15, Gandaria Utara, Kec. Kby. Baru, Kota Jakarta Selatan, Daerah Khusus Ibukota Jakarta 12140		14/08/2026 10:50:07
Sonic Ice Blue	Sudah naksir model vf3 dari beberapa lalu, kebetulan ke dealer dekat rumah ,dilayani mbak veti..penjelasannya detail,dan apa adanya..akhir baru berani spk , lusa kemarin unit sudah sampai digarasi, makasih mbak vethi yg sudah sabar melayani …	setahun lalu	5 bintang	Ci9DQUlRQUNvZENodHljRjlvT25KTmFreEhiVUpCWW1aVlVHRlNaalJZYmw5cFZFRRAB	-6.261271	106.788706	https://www.google.com/maps/place/Vinfast+Radio+Dalam/data=!4m7!3m6!1s0x2e69f1e1d9588a4d:0x94543820ba3a7981!8m2!3d-6.2612713!4d106.788711!16s%2Fg%2F11vyrh111_!19sChIJTYpY2eHxaS4RgXk6uiA4VJQ?authuser=0&hl=id&rclk=1	Jl. Radio Dalam Raya No.47-49, RT.1/RW.15, Gandaria Utara, Kec. Kby. Baru, Kota Jakarta Selatan, Daerah Khusus Ibukota Jakarta 12140		14/08/2026 10:50:07
Veriyanto Gunawan	Saya ambil mobilnya karena bagus designnya dan ternyata kualitasnya tidak kalah dengan brand² yang lebih dulu ada serta harga yang sangat ekonomis. Dan ternyata dapat bonus dengan pelayanan salesnya, saya dilayani pak Dhana yang sangat …	setahun lalu	5 bintang	ChdDSUhNMG9nS0VJQ0FnTUNncW9iT2h3RRAB	-6.261271	106.788706	https://www.google.com/maps/place/Vinfast+Radio+Dalam/data=!4m7!3m6!1s0x2e69f1e1d9588a4d:0x94543820ba3a7981!8m2!3d-6.2612713!4d106.788711!16s%2Fg%2F11vyrh111_!19sChIJTYpY2eHxaS4RgXk6uiA4VJQ?authuser=0&hl=id&rclk=1	Jl. Radio Dalam Raya No.47-49, RT.1/RW.15, Gandaria Utara, Kec. Kby. Baru, Kota Jakarta Selatan, Daerah Khusus Ibukota Jakarta 12140		14/08/2026 10:50:07
Minuman Beralkohol	Pelayanan terjelek sekelas showroom mobil	5 bulan lalu	1 bintang	Ci9DQUlRQUNvZENodHljRjlvT2xWYVYwSlBaakZWWVhOTU9VRTFXREJpZFV4NmRtYxAB	-6.261271	106.788706	https://www.google.com/maps/place/Vinfast+Radio+Dalam/data=!4m7!3m6!1s0x2e69f1e1d9588a4d:0x94543820ba3a7981!8m2!3d-6.2612713!4d106.788711!16s%2Fg%2F11vyrh111_!19sChIJTYpY2eHxaS4RgXk6uiA4VJQ?authuser=0&hl=id&rclk=1	Jl. Radio Dalam Raya No.47-49, RT.1/RW.15, Gandaria Utara, Kec. Kby. Baru, Kota Jakarta Selatan, Daerah Khusus Ibukota Jakarta 12140		14/08/2026 10:50:07
Kelvin A	Mobil Listrik paling terjangkau, Value for Money banget	setahun lalu	5 bintang	ChZDSUhNMG9nS0VJQ0FnSUN2NWJYdGR3EAE	-6.261271	106.788706	https://www.google.com/maps/place/Vinfast+Radio+Dalam/data=!4m7!3m6!1s0x2e69f1e1d9588a4d:0x94543820ba3a7981!8m2!3d-6.2612713!4d106.788711!16s%2Fg%2F11vyrh111_!19sChIJTYpY2eHxaS4RgXk6uiA4VJQ?authuser=0&hl=id&rclk=1	Jl. Radio Dalam Raya No.47-49, RT.1/RW.15, Gandaria Utara, Kec. Kby. Baru, Kota Jakarta Selatan, Daerah Khusus Ibukota Jakarta 12140		14/08/2026 10:50:07
Hunting Mobil	Sudah membeli dan dilayani dengan sangat baik oleh Mas Dhana, kualitas mobil sangat bagus, dan pelayanan mas Dhana sangat profesional...terimakasih, semoga awet dan sukses	setahun lalu	5 bintang	ChdDSUhNMG9nS0VJQ0FnSURmcWN5bDVRRRAB	-6.261271	106.788706	https://www.google.com/maps/place/Vinfast+Radio+Dalam/data=!4m7!3m6!1s0x2e69f1e1d9588a4d:0x94543820ba3a7981!8m2!3d-6.2612713!4d106.788711!16s%2Fg%2F11vyrh111_!19sChIJTYpY2eHxaS4RgXk6uiA4VJQ?authuser=0&hl=id&rclk=1	Jl. Radio Dalam Raya No.47-49, RT.1/RW.15, Gandaria Utara, Kec. Kby. Baru, Kota Jakarta Selatan, Daerah Khusus Ibukota Jakarta 12140		14/08/2026 10:50:07
Apan Family	Tidak menyangka mobil vietnam sebagus dan sebaik ini, waktu itu beli dan dijelaskan dengan sangat baik oleh mas Dhana, terimakasih	setahun lalu	5 bintang	ChdDSUhNMG9nS0VJQ0FnSURmcWJQQzhnRRAB	-6.261271	106.788706	https://www.google.com/maps/place/Vinfast+Radio+Dalam/data=!4m7!3m6!1s0x2e69f1e1d9588a4d:0x94543820ba3a7981!8m2!3d-6.2612713!4d106.788711!16s%2Fg%2F11vyrh111_!19sChIJTYpY2eHxaS4RgXk6uiA4VJQ?authuser=0&hl=id&rclk=1	Jl. Radio Dalam Raya No.47-49, RT.1/RW.15, Gandaria Utara, Kec. Kby. Baru, Kota Jakarta Selatan, Daerah Khusus Ibukota Jakarta 12140		14/08/2026 10:50:07
Edwin Kustaryanto	"Terima Mba Vethi mobil sudah saya terima 19/6/25.
Sukses selalu Vinfast Radal."	setahun lalu	5 bintang	Ci9DQUlRQUNvZENodHljRjlvT2psTWVXczBRbFZqYlVadlIzbEVNRlpUUm5Wbk5sRRAB	-6.261271	106.788706	https://www.google.com/maps/place/Vinfast+Radio+Dalam/data=!4m7!3m6!1s0x2e69f1e1d9588a4d:0x94543820ba3a7981!8m2!3d-6.2612713!4d106.788711!16s%2Fg%2F11vyrh111_!19sChIJTYpY2eHxaS4RgXk6uiA4VJQ?authuser=0&hl=id&rclk=1	Jl. Radio Dalam Raya No.47-49, RT.1/RW.15, Gandaria Utara, Kec. Kby. Baru, Kota Jakarta Selatan, Daerah Khusus Ibukota Jakarta 12140		14/08/2026 10:50:07
Achyaruddin Achyaruddin	Pelayanan responsif, ramah dan pengiriman unit lebih cepat dari estimasi.... mantappp	setahun lalu	5 bintang	ChdDSUhNMG9nS0VPcXp6YWZ5M2FmYTRnRRAB	-6.261271	106.788706	https://www.google.com/maps/place/Vinfast+Radio+Dalam/data=!4m7!3m6!1s0x2e69f1e1d9588a4d:0x94543820ba3a7981!8m2!3d-6.2612713!4d106.788711!16s%2Fg%2F11vyrh111_!19sChIJTYpY2eHxaS4RgXk6uiA4VJQ?authuser=0&hl=id&rclk=1	Jl. Radio Dalam Raya No.47-49, RT.1/RW.15, Gandaria Utara, Kec. Kby. Baru, Kota Jakarta Selatan, Daerah Khusus Ibukota Jakarta 12140		14/08/2026 10:50:07
Naswa Apan	Terimakasih pelayanan dan mobil sangat baik, terutama untuk Pak Dhana, tidak menyesal pakai mobil vinfast dan dilayani oleh Pak Dhana	setahun lalu	5 bintang	ChZDSUhNMG9nS0VJQ0FnSURmcVlHR0h3EAE	-6.261271	106.788706	https://www.google.com/maps/place/Vinfast+Radio+Dalam/data=!4m7!3m6!1s0x2e69f1e1d9588a4d:0x94543820ba3a7981!8m2!3d-6.2612713!4d106.788711!16s%2Fg%2F11vyrh111_!19sChIJTYpY2eHxaS4RgXk6uiA4VJQ?authuser=0&hl=id&rclk=1	Jl. Radio Dalam Raya No.47-49, RT.1/RW.15, Gandaria Utara, Kec. Kby. Baru, Kota Jakarta Selatan, Daerah Khusus Ibukota Jakarta 12140		14/08/2026 10:50:07
Kukuh KuRa	Charging station nya cuma 1 dan belum berfungsi	setahun lalu	1 bintang	ChdDSUhNMG9nS0VJQ0FnTUR3NHA2Mjh3RRAB	-6.261271	106.788706	https://www.google.com/maps/place/Vinfast+Radio+Dalam/data=!4m7!3m6!1s0x2e69f1e1d9588a4d:0x94543820ba3a7981!8m2!3d-6.2612713!4d106.788711!16s%2Fg%2F11vyrh111_!19sChIJTYpY2eHxaS4RgXk6uiA4VJQ?authuser=0&hl=id&rclk=1	Jl. Radio Dalam Raya No.47-49, RT.1/RW.15, Gandaria Utara, Kec. Kby. Baru, Kota Jakarta Selatan, Daerah Khusus Ibukota Jakarta 12140		14/08/2026 10:50:07
risyad iskandar	Layanan mas dhana okee, semoga vinfast radal dan mas dhana banyak jualannya	setahun lalu	5 bintang	ChZDSUhNMG9nS0VJQ0FnSURmcWZHX01REAE	-6.261271	106.788706	https://www.google.com/maps/place/Vinfast+Radio+Dalam/data=!4m7!3m6!1s0x2e69f1e1d9588a4d:0x94543820ba3a7981!8m2!3d-6.2612713!4d106.788711!16s%2Fg%2F11vyrh111_!19sChIJTYpY2eHxaS4RgXk6uiA4VJQ?authuser=0&hl=id&rclk=1	Jl. Radio Dalam Raya No.47-49, RT.1/RW.15, Gandaria Utara, Kec. Kby. Baru, Kota Jakarta Selatan, Daerah Khusus Ibukota Jakarta 12140		14/08/2026 10:50:07
Rendy Utama	Dealernya bagus, bersih, sales nya juga ramah	setahun lalu	5 bintang	ChZDSUhNMG9nS0VJQ0FnTURBdWJDd0Z3EAE	-6.261271	106.788706	https://www.google.com/maps/place/Vinfast+Radio+Dalam/data=!4m7!3m6!1s0x2e69f1e1d9588a4d:0x94543820ba3a7981!8m2!3d-6.2612713!4d106.788711!16s%2Fg%2F11vyrh111_!19sChIJTYpY2eHxaS4RgXk6uiA4VJQ?authuser=0&hl=id&rclk=1	Jl. Radio Dalam Raya No.47-49, RT.1/RW.15, Gandaria Utara, Kec. Kby. Baru, Kota Jakarta Selatan, Daerah Khusus Ibukota Jakarta 12140		14/08/2026 10:50:07
Yoga Arif Hidayat	Pelayanan buruk	3 bulan lalu	1 bintang	Ci9DQUlRQUNvZENodHljRjlvT21ZNU5HTmhhMWhMZDNsU2FFRllWalE1YUhSM1lWRRAB	-6.261271	106.788706	https://www.google.com/maps/place/Vinfast+Radio+Dalam/data=!4m7!3m6!1s0x2e69f1e1d9588a4d:0x94543820ba3a7981!8m2!3d-6.2612713!4d106.788711!16s%2Fg%2F11vyrh111_!19sChIJTYpY2eHxaS4RgXk6uiA4VJQ?authuser=0&hl=id&rclk=1	Jl. Radio Dalam Raya No.47-49, RT.1/RW.15, Gandaria Utara, Kec. Kby. Baru, Kota Jakarta Selatan, Daerah Khusus Ibukota Jakarta 12140		14/08/2026 10:50:07
Hendri Ranisha	Saya yakin vinfast bisa bersaing dengan brand lain nya.gass PoooooL	setahun lalu	5 bintang	ChZDSUhNMG9nS0VJQ0FnSUNfdW9EM0VnEAE	-6.261271	106.788706	https://www.google.com/maps/place/Vinfast+Radio+Dalam/data=!4m7!3m6!1s0x2e69f1e1d9588a4d:0x94543820ba3a7981!8m2!3d-6.2612713!4d106.788711!16s%2Fg%2F11vyrh111_!19sChIJTYpY2eHxaS4RgXk6uiA4VJQ?authuser=0&hl=id&rclk=1	Jl. Radio Dalam Raya No.47-49, RT.1/RW.15, Gandaria Utara, Kec. Kby. Baru, Kota Jakarta Selatan, Daerah Khusus Ibukota Jakarta 12140		14/08/2026 10:50:07
sad dark song	hati hati aja, dipikir2 lagi	setahun lalu	1 bintang	ChdDSUhNMG9nS0VOeTdvLWVKaGN2S3dBRRAB	-6.261271	106.788706	https://www.google.com/maps/place/Vinfast+Radio+Dalam/data=!4m7!3m6!1s0x2e69f1e1d9588a4d:0x94543820ba3a7981!8m2!3d-6.2612713!4d106.788711!16s%2Fg%2F11vyrh111_!19sChIJTYpY2eHxaS4RgXk6uiA4VJQ?authuser=0&hl=id&rclk=1	Jl. Radio Dalam Raya No.47-49, RT.1/RW.15, Gandaria Utara, Kec. Kby. Baru, Kota Jakarta Selatan, Daerah Khusus Ibukota Jakarta 12140		14/08/2026 10:50:07
hairul saipullah	sales nya ramah dan pelayanan luar biasa	seminggu lalu	5 bintang	Ci9DQUlRQUNvZENodHljRjlvT2xCdlZEbHBOR0U0Y2xwMGNrRnFXRVJ3VjNkcU5IYxAB	-6.261271	106.788706	https://www.google.com/maps/place/Vinfast+Radio+Dalam/data=!4m7!3m6!1s0x2e69f1e1d9588a4d:0x94543820ba3a7981!8m2!3d-6.2612713!4d106.788711!16s%2Fg%2F11vyrh111_!19sChIJTYpY2eHxaS4RgXk6uiA4VJQ?authuser=0&hl=id&rclk=1	Jl. Radio Dalam Raya No.47-49, RT.1/RW.15, Gandaria Utara, Kec. Kby. Baru, Kota Jakarta Selatan, Daerah Khusus Ibukota Jakarta 12140		14/08/2026 10:50:07
Mèo Bill	Pelayanan bagus! Mobilnya sangat bagus.	5 bulan lalu	5 bintang	Ci9DQUlRQUNvZENodHljRjlvT2kxTVMwcGlPV280YVVwNlJXdEdRa2N6TUdSVmJXYxAB	-6.261271	106.788706	https://www.google.com/maps/place/Vinfast+Radio+Dalam/data=!4m7!3m6!1s0x2e69f1e1d9588a4d:0x94543820ba3a7981!8m2!3d-6.2612713!4d106.788711!16s%2Fg%2F11vyrh111_!19sChIJTYpY2eHxaS4RgXk6uiA4VJQ?authuser=0&hl=id&rclk=1	Jl. Radio Dalam Raya No.47-49, RT.1/RW.15, Gandaria Utara, Kec. Kby. Baru, Kota Jakarta Selatan, Daerah Khusus Ibukota Jakarta 12140		14/08/2026 10:50:07
Danh Khanh		2 tahun lalu	5 bintang	ChdDSUhNMG9nS0VJQ0FnSURieGYzVHN3RRAB	-6.261271	106.788706	https://www.google.com/maps/place/Vinfast+Radio+Dalam/data=!4m7!3m6!1s0x2e69f1e1d9588a4d:0x94543820ba3a7981!8m2!3d-6.2612713!4d106.788711!16s%2Fg%2F11vyrh111_!19sChIJTYpY2eHxaS4RgXk6uiA4VJQ?authuser=0&hl=id&rclk=1	Jl. Radio Dalam Raya No.47-49, RT.1/RW.15, Gandaria Utara, Kec. Kby. Baru, Kota Jakarta Selatan, Daerah Khusus Ibukota Jakarta 12140		14/08/2026 10:50:07
Farid Faturahman	pelayanan yang baik	setahun lalu	5 bintang	ChdDSUhNMG9nS0VJQ0FnSURmbTdybXh3RRAB	-6.261271	106.788706	https://www.google.com/maps/place/Vinfast+Radio+Dalam/data=!4m7!3m6!1s0x2e69f1e1d9588a4d:0x94543820ba3a7981!8m2!3d-6.2612713!4d106.788711!16s%2Fg%2F11vyrh111_!19sChIJTYpY2eHxaS4RgXk6uiA4VJQ?authuser=0&hl=id&rclk=1	Jl. Radio Dalam Raya No.47-49, RT.1/RW.15, Gandaria Utara, Kec. Kby. Baru, Kota Jakarta Selatan, Daerah Khusus Ibukota Jakarta 12140		14/08/2026 10:50:07
Rhaka Irwansyah	pelayanan yang baik	setahun lalu	5 bintang	ChZDSUhNMG9nS0VJQ0FnSURmbTZyNU9BEAE	-6.261271	106.788706	https://www.google.com/maps/place/Vinfast+Radio+Dalam/data=!4m7!3m6!1s0x2e69f1e1d9588a4d:0x94543820ba3a7981!8m2!3d-6.2612713!4d106.788711!16s%2Fg%2F11vyrh111_!19sChIJTYpY2eHxaS4RgXk6uiA4VJQ?authuser=0&hl=id&rclk=1	Jl. Radio Dalam Raya No.47-49, RT.1/RW.15, Gandaria Utara, Kec. Kby. Baru, Kota Jakarta Selatan, Daerah Khusus Ibukota Jakarta 12140		14/08/2026 10:50:07
trinhcuong1999		3 bulan lalu	5 bintang	Ci9DQUlRQUNvZENodHljRjlvT25WV01sSnBkMGRKYzBoa1ZITlpSSEpIUjJSTlRXYxAB	-6.261271	106.788706	https://www.google.com/maps/place/Vinfast+Radio+Dalam/data=!4m7!3m6!1s0x2e69f1e1d9588a4d:0x94543820ba3a7981!8m2!3d-6.2612713!4d106.788711!16s%2Fg%2F11vyrh111_!19sChIJTYpY2eHxaS4RgXk6uiA4VJQ?authuser=0&hl=id&rclk=1	Jl. Radio Dalam Raya No.47-49, RT.1/RW.15, Gandaria Utara, Kec. Kby. Baru, Kota Jakarta Selatan, Daerah Khusus Ibukota Jakarta 12140		14/08/2026 10:50:07
Muhammad Iqbal Abdurrahman		7 bulan lalu	5 bintang	Ci9DQUlRQUNvZENodHljRjlvT2pkNFRVUm1kbU5VTWs1cWNqQnNTV2xaU2xCNldWRRAB	-6.261271	106.788706	https://www.google.com/maps/place/Vinfast+Radio+Dalam/data=!4m7!3m6!1s0x2e69f1e1d9588a4d:0x94543820ba3a7981!8m2!3d-6.2612713!4d106.788711!16s%2Fg%2F11vyrh111_!19sChIJTYpY2eHxaS4RgXk6uiA4VJQ?authuser=0&hl=id&rclk=1	Jl. Radio Dalam Raya No.47-49, RT.1/RW.15, Gandaria Utara, Kec. Kby. Baru, Kota Jakarta Selatan, Daerah Khusus Ibukota Jakarta 12140		14/08/2026 10:50:07
Annisa Susanti	Warna” mobilnya lucuu, terus sales nya juga pada ramah. Pokonya pelayanan besttt	7 bulan lalu	5 bintang	Ci9DQUlRQUNvZENodHljRjlvT25sZlJqSlJSblZ0ZWw4NE9HUnhURnBwYkRKYVZrRRAB	-7.026103	107.525711	https://www.google.com/maps/place/Vinfast+Soreang/data=!4m7!3m6!1s0x2e68ed0067320f11:0xb37ea502d1d7c614!8m2!3d-7.0261029!4d107.5257163!16s%2Fg%2F11wx43b38d!19sChIJEQ8yZwDtaC4RFMbX0QKlfrM?authuser=0&hl=id&rclk=1	XGFG+H74, Jl. Kopo Bihbul, Soreang, Kec. Soreang, Kabupaten Bandung, Jawa Barat 40912		14/08/2026 10:50:36
Dilla Aprilia	Pelananya sangat baik.	7 bulan lalu	5 bintang	Ci9DQUlRQUNvZENodHljRjlvT25oS1ZuWnNjVFpsZFZGR1NEa3plbkpqV1UxVlNtYxAB	-7.026103	107.525711	https://www.google.com/maps/place/Vinfast+Soreang/data=!4m7!3m6!1s0x2e68ed0067320f11:0xb37ea502d1d7c614!8m2!3d-7.0261029!4d107.5257163!16s%2Fg%2F11wx43b38d!19sChIJEQ8yZwDtaC4RFMbX0QKlfrM?authuser=0&hl=id&rclk=1	XGFG+H74, Jl. Kopo Bihbul, Soreang, Kec. Soreang, Kabupaten Bandung, Jawa Barat 40912		14/08/2026 10:50:36
Rahma Wati	Pokoknya pelayanan terbaikk	7 bulan lalu	5 bintang	Ci9DQUlRQUNvZENodHljRjlvT2s5RFIwbDNjVE13WlVSd1pVWXRlSE5wUW1vd1ltYxAB	-7.026103	107.525711	https://www.google.com/maps/place/Vinfast+Soreang/data=!4m7!3m6!1s0x2e68ed0067320f11:0xb37ea502d1d7c614!8m2!3d-7.0261029!4d107.5257163!16s%2Fg%2F11wx43b38d!19sChIJEQ8yZwDtaC4RFMbX0QKlfrM?authuser=0&hl=id&rclk=1	XGFG+H74, Jl. Kopo Bihbul, Soreang, Kec. Soreang, Kabupaten Bandung, Jawa Barat 40912		14/08/2026 10:50:36
Dwiki Axel	Showroom bersih & sales-nya ramah-ramah..	8 bulan lalu	5 bintang	Ci9DQUlRQUNvZENodHljRjlvT2xKSmNVMW1jR1J0ZURsemNqYzRXVmsyZUZFNFpVRRAB	-6.189712	106.735406	https://www.google.com/maps/place/VINFAST+PURI+INDAH/data=!4m7!3m6!1s0x2e69f7003e47063d:0x784fdf3f7631cf73!8m2!3d-6.189712!4d106.735411!16s%2Fg%2F11yrxx_56h!19sChIJPQZHPgD3aS4Rc88xdj_fT3g?authuser=0&hl=id&rclk=1	Puri Indah Auto Center, Jl. Puri Lkr. Luar No.31, RT.1, Kembangan Sel., Kec. Kembangan, Kota Jakarta Barat, Daerah Khusus Ibukota Jakarta 11610		14/08/2026 10:51:05
Endo Hutomo	Sales nya gk jelas .hilang tiba2 ..anehh!!!	3 minggu lalu	1 bintang	Ci9DQUlRQUNvZENodHljRjlvT2s1eVVHeFpkakJoZFhKdFoyRlBjbWxKTTJwalFsRRAB	-6.189712	106.735406	https://www.google.com/maps/place/VINFAST+PURI+INDAH/data=!4m7!3m6!1s0x2e69f7003e47063d:0x784fdf3f7631cf73!8m2!3d-6.189712!4d106.735411!16s%2Fg%2F11yrxx_56h!19sChIJPQZHPgD3aS4Rc88xdj_fT3g?authuser=0&hl=id&rclk=1	Puri Indah Auto Center, Jl. Puri Lkr. Luar No.31, RT.1, Kembangan Sel., Kec. Kembangan, Kota Jakarta Barat, Daerah Khusus Ibukota Jakarta 11610		14/08/2026 10:51:05
Yuliana Yuliana	Tamu datang ...tidak ada staff yang keluar. Staff hanya duduk2 ketawa2 di dalam ruangan yang pintu nya terbuka. Dan kita SDH say hallo. Tapi Tidak ada yg keluar. Staf2 yang payah	2 bulan lalu	1 bintang	Ci9DQUlRQUNvZENodHljRjlvT2pWcFpqQlBiblphYldwZkxXMTZlVE5PTmpSTlpIYxAB	-6.189712	106.735406	https://www.google.com/maps/place/VINFAST+PURI+INDAH/data=!4m7!3m6!1s0x2e69f7003e47063d:0x784fdf3f7631cf73!8m2!3d-6.189712!4d106.735411!16s%2Fg%2F11yrxx_56h!19sChIJPQZHPgD3aS4Rc88xdj_fT3g?authuser=0&hl=id&rclk=1	Puri Indah Auto Center, Jl. Puri Lkr. Luar No.31, RT.1, Kembangan Sel., Kec. Kembangan, Kota Jakarta Barat, Daerah Khusus Ibukota Jakarta 11610		14/08/2026 10:51:05
Ismi Rahmaalya	Showroom nya besar, bersih, sales-nya ramah, mobil display nya banyak, harga mobil nya murah dan terjangkau, top besstt	6 bulan lalu	5 bintang	Ci9DQUlRQUNvZENodHljRjlvT21neVpHeENSSFpvWkd3MVJTMXNZa1JxTTA1Q2QxRRAB	-6.189712	106.735406	https://www.google.com/maps/place/VINFAST+PURI+INDAH/data=!4m7!3m6!1s0x2e69f7003e47063d:0x784fdf3f7631cf73!8m2!3d-6.189712!4d106.735411!16s%2Fg%2F11yrxx_56h!19sChIJPQZHPgD3aS4Rc88xdj_fT3g?authuser=0&hl=id&rclk=1	Puri Indah Auto Center, Jl. Puri Lkr. Luar No.31, RT.1, Kembangan Sel., Kec. Kembangan, Kota Jakarta Barat, Daerah Khusus Ibukota Jakarta 11610		14/08/2026 10:51:05
Daniel Executive	Tempat nya Bagus, Salesnya sangat aktif komunikasi nya 👍 …	8 bulan lalu	5 bintang	Ci9DQUlRQUNvZENodHljRjlvT2tkSk1IcG9aM1pzVjNVMVNrcEVPRTVpZDBsZlpHYxAB	-6.189712	106.735406	https://www.google.com/maps/place/VINFAST+PURI+INDAH/data=!4m7!3m6!1s0x2e69f7003e47063d:0x784fdf3f7631cf73!8m2!3d-6.189712!4d106.735411!16s%2Fg%2F11yrxx_56h!19sChIJPQZHPgD3aS4Rc88xdj_fT3g?authuser=0&hl=id&rclk=1	Puri Indah Auto Center, Jl. Puri Lkr. Luar No.31, RT.1, Kembangan Sel., Kec. Kembangan, Kota Jakarta Barat, Daerah Khusus Ibukota Jakarta 11610		14/08/2026 10:51:05
berkah harapan propertindo	Staff nya kurang peduli, tidak melayani konsumen yg datang utk tanya2	sebulan lalu	1 bintang	Ci9DQUlRQUNvZENodHljRjlvT2tGQ1RIVTNORWQ1VUUxTk1qSjFhMHhyUVZJM1dFRRAB	-6.189712	106.735406	https://www.google.com/maps/place/VINFAST+PURI+INDAH/data=!4m7!3m6!1s0x2e69f7003e47063d:0x784fdf3f7631cf73!8m2!3d-6.189712!4d106.735411!16s%2Fg%2F11yrxx_56h!19sChIJPQZHPgD3aS4Rc88xdj_fT3g?authuser=0&hl=id&rclk=1	Puri Indah Auto Center, Jl. Puri Lkr. Luar No.31, RT.1, Kembangan Sel., Kec. Kembangan, Kota Jakarta Barat, Daerah Khusus Ibukota Jakarta 11610		14/08/2026 10:51:05
Maestro Java Nira	menjanjikan buyback bisa jangka waktu tahunan, tapi baru 6 bulan saja sudah belibet. sampai harus menyuruh grid oto mengedit artikelnya. tadinya tertarik lihat harga dan model, tetapi lihat kasus dengan pak dewo kayaknya gak deg.. dari …	setahun lalu	1 bintang	Ci9DQUlRQUNvZENodHljRjlvT2tNNWNXUkJUMGxuUTNKV00yRlliRFphWkZNd1RuYxAB	-7.009017	110.435048	https://www.google.com/maps/place/Vinfast+Semarang/data=!4m7!3m6!1s0x2e708d000764b6db:0x2b3d91a586d62f0a!8m2!3d-7.0090168!4d110.4350538!16s%2Fg%2F11wplg224t!19sChIJ27ZkBwCNcC4RCi_WhqWRPSs?authuser=0&hl=id&rclk=1	Jl. Tentara Pelajar No.30, Jomblang, Kec. Candisari, Kota Semarang, Jawa Tengah 50256		14/08/2026 10:51:40
kerjaonline	Sudah Cukup untuk beli mobil listrik VINFAST vf 3 di Bengkel ini. Masak Pengecekan harus bayar 250.000 per jam. NOT MAKE SENSE BRO !	setahun lalu	1 bintang	Ci9DQUlRQUNvZENodHljRjlvT2kxbVgwUkpSVEEzWlVOVFRtbEpaVTlCUjBSRFZFRRAB	-7.009017	110.435048	https://www.google.com/maps/place/Vinfast+Semarang/data=!4m7!3m6!1s0x2e708d000764b6db:0x2b3d91a586d62f0a!8m2!3d-7.0090168!4d110.4350538!16s%2Fg%2F11wplg224t!19sChIJ27ZkBwCNcC4RCi_WhqWRPSs?authuser=0&hl=id&rclk=1	Jl. Tentara Pelajar No.30, Jomblang, Kec. Candisari, Kota Semarang, Jawa Tengah 50256		14/08/2026 10:51:40
Andrew Giovanni	Mustahil kita manusia yang diciptakan Tuhan bisa sempurna. Semoga kesalahan & kekurangan di masa lalu jadi pembelajaran utk pihak terkait bisa lebih baik di masa depan 🙏 …	setahun lalu	5 bintang	Ci9DQUlRQUNvZENodHljRjlvT2tOaldFUkJabXRwZVRKNU4wVlZiMmhXYldaeFFsRRAB	-7.009017	110.435048	https://www.google.com/maps/place/Vinfast+Semarang/data=!4m7!3m6!1s0x2e708d000764b6db:0x2b3d91a586d62f0a!8m2!3d-7.0090168!4d110.4350538!16s%2Fg%2F11wplg224t!19sChIJ27ZkBwCNcC4RCi_WhqWRPSs?authuser=0&hl=id&rclk=1	Jl. Tentara Pelajar No.30, Jomblang, Kec. Candisari, Kota Semarang, Jawa Tengah 50256		14/08/2026 10:51:40
Ahmad Cholidi	Semoga banyak membantu banyak orang	sebulan lalu	5 bintang	Ci9DQUlRQUNvZENodHljRjlvT21Gc1RXaHdlV3MyWlMxc1JuaG9PVGcyTTB4RU1IYxAB	-7.009017	110.435048	https://www.google.com/maps/place/Vinfast+Semarang/data=!4m7!3m6!1s0x2e708d000764b6db:0x2b3d91a586d62f0a!8m2!3d-7.0090168!4d110.4350538!16s%2Fg%2F11wplg224t!19sChIJ27ZkBwCNcC4RCi_WhqWRPSs?authuser=0&hl=id&rclk=1	Jl. Tentara Pelajar No.30, Jomblang, Kec. Candisari, Kota Semarang, Jawa Tengah 50256		14/08/2026 10:51:40
martinus krisma	bantu selesaikan masalah vf3 pak Dewo!	setahun lalu	1 bintang	Ci9DQUlRQUNvZENodHljRjlvT21sb2QwMWxTRFZMVVhwc2FHOWZVR1JQYlZwSWMzYxAB	-7.009017	110.435048	https://www.google.com/maps/place/Vinfast+Semarang/data=!4m7!3m6!1s0x2e708d000764b6db:0x2b3d91a586d62f0a!8m2!3d-7.0090168!4d110.4350538!16s%2Fg%2F11wplg224t!19sChIJ27ZkBwCNcC4RCi_WhqWRPSs?authuser=0&hl=id&rclk=1	Jl. Tentara Pelajar No.30, Jomblang, Kec. Candisari, Kota Semarang, Jawa Tengah 50256		14/08/2026 10:51:40
nana Widya	Sales dan after salesnya 👍👍👍 …	10 bulan lalu	5 bintang	Ci9DQUlRQUNvZENodHljRjlvT21kMFFtcFZTR0V5UlhoNk5YSklSM3BMTXpWTFVtYxAB	-7.009017	110.435048	https://www.google.com/maps/place/Vinfast+Semarang/data=!4m7!3m6!1s0x2e708d000764b6db:0x2b3d91a586d62f0a!8m2!3d-7.0090168!4d110.4350538!16s%2Fg%2F11wplg224t!19sChIJ27ZkBwCNcC4RCi_WhqWRPSs?authuser=0&hl=id&rclk=1	Jl. Tentara Pelajar No.30, Jomblang, Kec. Candisari, Kota Semarang, Jawa Tengah 50256		14/08/2026 10:51:40
Dwi Rachtomo	Tertarik sama motornya, saya bisa menghubungi siapa ya untuk info lebih detail?	seminggu lalu	5 bintang	Ci9DQUlRQUNvZENodHljRjlvT2pWSmFURlhVWE5qWW5KT0xVWlZSbWt6YUhoSlFXYxAB	-7.009017	110.435048	https://www.google.com/maps/place/Vinfast+Semarang/data=!4m7!3m6!1s0x2e708d000764b6db:0x2b3d91a586d62f0a!8m2!3d-7.0090168!4d110.4350538!16s%2Fg%2F11wplg224t!19sChIJ27ZkBwCNcC4RCi_WhqWRPSs?authuser=0&hl=id&rclk=1	Jl. Tentara Pelajar No.30, Jomblang, Kec. Candisari, Kota Semarang, Jawa Tengah 50256		14/08/2026 10:51:40
Dao Chu	Pelayanannya sangat baik.	8 bulan lalu	5 bintang	Ci9DQUlRQUNvZENodHljRjlvT214S2RGOVlXRkY1TURONlQwNVdSVUo1WVRneU1tYxAB	-7.009017	110.435048	https://www.google.com/maps/place/Vinfast+Semarang/data=!4m7!3m6!1s0x2e708d000764b6db:0x2b3d91a586d62f0a!8m2!3d-7.0090168!4d110.4350538!16s%2Fg%2F11wplg224t!19sChIJ27ZkBwCNcC4RCi_WhqWRPSs?authuser=0&hl=id&rclk=1	Jl. Tentara Pelajar No.30, Jomblang, Kec. Candisari, Kota Semarang, Jawa Tengah 50256		14/08/2026 10:51:40
Adhi Wibowo Immanuel	Hebat, Mobil Listrik Baru dengan Berbagai Model	setahun lalu	5 bintang	ChdDSUhNMG9nS0VJQ0FnTURBdzRQcHdnRRAB	-7.009017	110.435048	https://www.google.com/maps/place/Vinfast+Semarang/data=!4m7!3m6!1s0x2e708d000764b6db:0x2b3d91a586d62f0a!8m2!3d-7.0090168!4d110.4350538!16s%2Fg%2F11wplg224t!19sChIJ27ZkBwCNcC4RCi_WhqWRPSs?authuser=0&hl=id&rclk=1	Jl. Tentara Pelajar No.30, Jomblang, Kec. Candisari, Kota Semarang, Jawa Tengah 50256		14/08/2026 10:51:40
Mèo Bill	Pelayanan yang baik	5 bulan lalu	5 bintang	Ci9DQUlRQUNvZENodHljRjlvT2s5SWVWbFRiMVZxWmtSNGVVTjRNV3N4UkhKTFJuYxAB	-7.009017	110.435048	https://www.google.com/maps/place/Vinfast+Semarang/data=!4m7!3m6!1s0x2e708d000764b6db:0x2b3d91a586d62f0a!8m2!3d-7.0090168!4d110.4350538!16s%2Fg%2F11wplg224t!19sChIJ27ZkBwCNcC4RCi_WhqWRPSs?authuser=0&hl=id&rclk=1	Jl. Tentara Pelajar No.30, Jomblang, Kec. Candisari, Kota Semarang, Jawa Tengah 50256		14/08/2026 10:51:40
ucup wae channel	Spesial.....	10 bulan lalu	5 bintang	Ci9DQUlRQUNvZENodHljRjlvT25GRVdEUkVhVWROWVZsb05FdHVWWFZMZDNCU1lrRRAB	-7.009017	110.435048	https://www.google.com/maps/place/Vinfast+Semarang/data=!4m7!3m6!1s0x2e708d000764b6db:0x2b3d91a586d62f0a!8m2!3d-7.0090168!4d110.4350538!16s%2Fg%2F11wplg224t!19sChIJ27ZkBwCNcC4RCi_WhqWRPSs?authuser=0&hl=id&rclk=1	Jl. Tentara Pelajar No.30, Jomblang, Kec. Candisari, Kota Semarang, Jawa Tengah 50256		14/08/2026 10:51:40
Paras Milk and Farm		seminggu lalu	5 bintang	Ci9DQUlRQUNvZENodHljRjlvT21jeGJUSjZZbTVKVDB4VmRERk5aa1kyYkhWdGVtYxAB	-7.009017	110.435048	https://www.google.com/maps/place/Vinfast+Semarang/data=!4m7!3m6!1s0x2e708d000764b6db:0x2b3d91a586d62f0a!8m2!3d-7.0090168!4d110.4350538!16s%2Fg%2F11wplg224t!19sChIJ27ZkBwCNcC4RCi_WhqWRPSs?authuser=0&hl=id&rclk=1	Jl. Tentara Pelajar No.30, Jomblang, Kec. Candisari, Kota Semarang, Jawa Tengah 50256		14/08/2026 10:51:40
Sugeng Supriyanto		3 bulan lalu	5 bintang	Ci9DQUlRQUNvZENodHljRjlvT25GbVZsQndjM0l6ZEZoeWEzSmtTVU52Y0VGeVlXYxAB	-7.009017	110.435048	https://www.google.com/maps/place/Vinfast+Semarang/data=!4m7!3m6!1s0x2e708d000764b6db:0x2b3d91a586d62f0a!8m2!3d-7.0090168!4d110.4350538!16s%2Fg%2F11wplg224t!19sChIJ27ZkBwCNcC4RCi_WhqWRPSs?authuser=0&hl=id&rclk=1	Jl. Tentara Pelajar No.30, Jomblang, Kec. Candisari, Kota Semarang, Jawa Tengah 50256		14/08/2026 10:51:40
Dewi Rohati		3 bulan lalu	5 bintang	Ci9DQUlRQUNvZENodHljRjlvT20xWFpUSjFRWHBFZHpsMGNFNVZVRFJMUVhJMVJFRRAB	-7.009017	110.435048	https://www.google.com/maps/place/Vinfast+Semarang/data=!4m7!3m6!1s0x2e708d000764b6db:0x2b3d91a586d62f0a!8m2!3d-7.0090168!4d110.4350538!16s%2Fg%2F11wplg224t!19sChIJ27ZkBwCNcC4RCi_WhqWRPSs?authuser=0&hl=id&rclk=1	Jl. Tentara Pelajar No.30, Jomblang, Kec. Candisari, Kota Semarang, Jawa Tengah 50256		14/08/2026 10:51:40
Mohamad Muklasin		9 bulan lalu	5 bintang	Ci9DQUlRQUNvZENodHljRjlvT21VNWRDMU1VMGRtVFROa2NtSXhVVXBOVDFCcFlrRRAB	-7.009017	110.435048	https://www.google.com/maps/place/Vinfast+Semarang/data=!4m7!3m6!1s0x2e708d000764b6db:0x2b3d91a586d62f0a!8m2!3d-7.0090168!4d110.4350538!16s%2Fg%2F11wplg224t!19sChIJ27ZkBwCNcC4RCi_WhqWRPSs?authuser=0&hl=id&rclk=1	Jl. Tentara Pelajar No.30, Jomblang, Kec. Candisari, Kota Semarang, Jawa Tengah 50256		14/08/2026 10:51:40
Sulfyan Widodo		10 bulan lalu	5 bintang	Ci9DQUlRQUNvZENodHljRjlvT25Cck1HVkRibmxPVFVoNk4yZExWbk5HVW1aaU4xRRAB	-7.009017	110.435048	https://www.google.com/maps/place/Vinfast+Semarang/data=!4m7!3m6!1s0x2e708d000764b6db:0x2b3d91a586d62f0a!8m2!3d-7.0090168!4d110.4350538!16s%2Fg%2F11wplg224t!19sChIJ27ZkBwCNcC4RCi_WhqWRPSs?authuser=0&hl=id&rclk=1	Jl. Tentara Pelajar No.30, Jomblang, Kec. Candisari, Kota Semarang, Jawa Tengah 50256		14/08/2026 10:51:40
BERTY PS		10 bulan lalu	5 bintang	Ci9DQUlRQUNvZENodHljRjlvT204eVRXVktZVUpFVDBoQllVUmFhMEZLYTA5TVkwRRAB	-7.009017	110.435048	https://www.google.com/maps/place/Vinfast+Semarang/data=!4m7!3m6!1s0x2e708d000764b6db:0x2b3d91a586d62f0a!8m2!3d-7.0090168!4d110.4350538!16s%2Fg%2F11wplg224t!19sChIJ27ZkBwCNcC4RCi_WhqWRPSs?authuser=0&hl=id&rclk=1	Jl. Tentara Pelajar No.30, Jomblang, Kec. Candisari, Kota Semarang, Jawa Tengah 50256		14/08/2026 10:51:40
Aptantyo Widyo Kumoro	Ijin meluruskan. Mengenai masalah biaya itu kesalahan penyampaian dari team kami, dan sudah kami klarifikasi dg cust yang bersangkutan di hari yang sama. Beliau juga pernah melakukan sebelum case ini pun, pengecekan dan ada tindakan juga, … Lainnya	setahun lalu	1 bintang	Ci9DQUlRQUNvZENodHljRjlvT2tVMlpXTTFUazlrY1RaVE5VODBRamw1TTIwM1FWRRAB	-7.009017	110.435048	https://www.google.com/maps/place/Vinfast+Semarang/data=!4m7!3m6!1s0x2e708d000764b6db:0x2b3d91a586d62f0a!8m2!3d-7.0090168!4d110.4350538!16s%2Fg%2F11wplg224t!19sChIJ27ZkBwCNcC4RCi_WhqWRPSs?authuser=0&hl=id&rclk=1	Jl. Tentara Pelajar No.30, Jomblang, Kec. Candisari, Kota Semarang, Jawa Tengah 50256		14/08/2026 10:51:40
Bonar Prabowo		setahun lalu	1 bintang	Ci9DQUlRQUNvZENodHljRjlvT2poQ1dsZGFWamRtUlhseU1YWm5iMlZKTlZadU9VRRAB	-7.009017	110.435048	https://www.google.com/maps/place/Vinfast+Semarang/data=!4m7!3m6!1s0x2e708d000764b6db:0x2b3d91a586d62f0a!8m2!3d-7.0090168!4d110.4350538!16s%2Fg%2F11wplg224t!19sChIJ27ZkBwCNcC4RCi_WhqWRPSs?authuser=0&hl=id&rclk=1	Jl. Tentara Pelajar No.30, Jomblang, Kec. Candisari, Kota Semarang, Jawa Tengah 50256		14/08/2026 10:51:40
shilna Nurfatma	Kenapa pada judes ya karyawanya? Saya juga pengguna vinfast dan saya cuma mau charge mobil karena waktu di awal pembelian pun dijanjikan bisa gratis kalau di dealer. Tapi kenapa pas kami kesana pelayanga tidak ramah sama sekali. Untung ada security yang bantu mengaragkan dan cukup ramah	7 bulan lalu	1 bintang	Ci9DQUlRQUNvZENodHljRjlvT2pWRWRsWXdXWGxPTjFkbVltVlVSRjh5VW5kVVJYYxAB	-6.384230	106.829055	https://www.google.com/maps/place/VINFAST+DEPOK/data=!4m7!3m6!1s0x2e69eb608d2c4231:0x63baafcc667149d5!8m2!3d-6.3842301!4d106.8290603!16s%2Fg%2F11y3kvt6vp!19sChIJMUIsjWDraS4R1UlxZsyvumM?authuser=0&hl=id&rclk=1	Jl. Margonda Raya No.201, Kemiri Muka, Kecamatan Beji, Kota Depok, Jawa Barat 16423		14/08/2026 10:52:25
A Arifin	Coba dicek area tunggu servis di bengkel resmi merk lain, selain lebih baik tempat menunggunya juga tersedia minuman (kopi/teh/air mineral) dan cemilan. Diperbaiki dong.	2 bulan lalu	2 bintang	Ci9DQUlRQUNvZENodHljRjlvT2t4TldUaElUR0pXWjNWVlpHaGFkVTVNVVd4NE9HYxAB	-6.384230	106.829055	https://www.google.com/maps/place/VINFAST+DEPOK/data=!4m7!3m6!1s0x2e69eb608d2c4231:0x63baafcc667149d5!8m2!3d-6.3842301!4d106.8290603!16s%2Fg%2F11y3kvt6vp!19sChIJMUIsjWDraS4R1UlxZsyvumM?authuser=0&hl=id&rclk=1	Jl. Margonda Raya No.201, Kemiri Muka, Kecamatan Beji, Kota Depok, Jawa Barat 16423		14/08/2026 10:52:25
Rudi Wicaksono	Lokasi strategis mudah ditemukan. Pelayanan ramah oleh sales. Bisa test drive semua tipe mobil. Hanya tempat parkir mobil tamu sangat minim berdampingan dengan mobil-mobil test drive	3 bulan lalu	4 bintang	Ci9DQUlRQUNvZENodHljRjlvT2xWV1ZqRnllVTlKT1ZWdE9XRnRkWFZtWHkxNlduYxAB	-6.384230	106.829055	https://www.google.com/maps/place/VINFAST+DEPOK/data=!4m7!3m6!1s0x2e69eb608d2c4231:0x63baafcc667149d5!8m2!3d-6.3842301!4d106.8290603!16s%2Fg%2F11y3kvt6vp!19sChIJMUIsjWDraS4R1UlxZsyvumM?authuser=0&hl=id&rclk=1	Jl. Margonda Raya No.201, Kemiri Muka, Kecamatan Beji, Kota Depok, Jawa Barat 16423		14/08/2026 10:52:25
Pojok mainan	Sudah beli gratis chger tetapi gak bisa di gunakan sudah seminggu alasan nya lg maintenence, ini mau sampai kapan ? tolong di segerakan	6 bulan lalu	1 bintang	Ci9DQUlRQUNvZENodHljRjlvT2tOTmNVbHJORWRvUmxoeVlXOHpjVmRzUTFkSlQxRRAB	-6.384230	106.829055	https://www.google.com/maps/place/VINFAST+DEPOK/data=!4m7!3m6!1s0x2e69eb608d2c4231:0x63baafcc667149d5!8m2!3d-6.3842301!4d106.8290603!16s%2Fg%2F11y3kvt6vp!19sChIJMUIsjWDraS4R1UlxZsyvumM?authuser=0&hl=id&rclk=1	Jl. Margonda Raya No.201, Kemiri Muka, Kecamatan Beji, Kota Depok, Jawa Barat 16423		14/08/2026 10:52:25
Rian Firdiansyah (Firdiansyah)	Ada SpKLu nya tidak disini?	5 bulan lalu	4 bintang	Ci9DQUlRQUNvZENodHljRjlvT21GdmMzVkxlVkYzUkZSTVVEaGhVRW90YUZVM1dYYxAB	-6.384230	106.829055	https://www.google.com/maps/place/VINFAST+DEPOK/data=!4m7!3m6!1s0x2e69eb608d2c4231:0x63baafcc667149d5!8m2!3d-6.3842301!4d106.8290603!16s%2Fg%2F11y3kvt6vp!19sChIJMUIsjWDraS4R1UlxZsyvumM?authuser=0&hl=id&rclk=1	Jl. Margonda Raya No.201, Kemiri Muka, Kecamatan Beji, Kota Depok, Jawa Barat 16423		14/08/2026 10:52:25
VOC TOWING SERVICE	Menarik	4 bulan lalu	5 bintang	Ci9DQUlRQUNvZENodHljRjlvT2sxaVVVVlZjRWx0YW14S1NrUlZabFpEVkRWNFFrRRAB	-6.384230	106.829055	https://www.google.com/maps/place/VINFAST+DEPOK/data=!4m7!3m6!1s0x2e69eb608d2c4231:0x63baafcc667149d5!8m2!3d-6.3842301!4d106.8290603!16s%2Fg%2F11y3kvt6vp!19sChIJMUIsjWDraS4R1UlxZsyvumM?authuser=0&hl=id&rclk=1	Jl. Margonda Raya No.201, Kemiri Muka, Kecamatan Beji, Kota Depok, Jawa Barat 16423		14/08/2026 10:52:25
Zaenal Abidin	Pelayanannya ok	Diedit setahun lalu	5 bintang	ChdDSUhNMG9nS0VJQ0FnSUNuZ3Q2ZWdBRRAB	-6.384230	106.829055	https://www.google.com/maps/place/VINFAST+DEPOK/data=!4m7!3m6!1s0x2e69eb608d2c4231:0x63baafcc667149d5!8m2!3d-6.3842301!4d106.8290603!16s%2Fg%2F11y3kvt6vp!19sChIJMUIsjWDraS4R1UlxZsyvumM?authuser=0&hl=id&rclk=1	Jl. Margonda Raya No.201, Kemiri Muka, Kecamatan Beji, Kota Depok, Jawa Barat 16423		14/08/2026 10:52:25
HERU DWI PRASETYO	Dtunggu kehadiran nya d Surabaya	2 tahun lalu	5 bintang	ChZDSUhNMG9nS0VJQ0FnSUNiN1lERk1REAE	-6.384230	106.829055	https://www.google.com/maps/place/VINFAST+DEPOK/data=!4m7!3m6!1s0x2e69eb608d2c4231:0x63baafcc667149d5!8m2!3d-6.3842301!4d106.8290603!16s%2Fg%2F11y3kvt6vp!19sChIJMUIsjWDraS4R1UlxZsyvumM?authuser=0&hl=id&rclk=1	Jl. Margonda Raya No.201, Kemiri Muka, Kecamatan Beji, Kota Depok, Jawa Barat 16423		14/08/2026 10:52:25
Liat A	Ditunggu diskonnya	2 tahun lalu	5 bintang	ChZDSUhNMG9nS0VJQ0FnSUNicS1hX1R3EAE	-6.384230	106.829055	https://www.google.com/maps/place/VINFAST+DEPOK/data=!4m7!3m6!1s0x2e69eb608d2c4231:0x63baafcc667149d5!8m2!3d-6.3842301!4d106.8290603!16s%2Fg%2F11y3kvt6vp!19sChIJMUIsjWDraS4R1UlxZsyvumM?authuser=0&hl=id&rclk=1	Jl. Margonda Raya No.201, Kemiri Muka, Kecamatan Beji, Kota Depok, Jawa Barat 16423		14/08/2026 10:52:25
Leo Hendrik Ranti	Vinfast Margonda Depok👍👍👍 …	2 tahun lalu	5 bintang	ChdDSUhNMG9nS0VJQ0FnSUNEc0lfRzRnRRAB	-6.384230	106.829055	https://www.google.com/maps/place/VINFAST+DEPOK/data=!4m7!3m6!1s0x2e69eb608d2c4231:0x63baafcc667149d5!8m2!3d-6.3842301!4d106.8290603!16s%2Fg%2F11y3kvt6vp!19sChIJMUIsjWDraS4R1UlxZsyvumM?authuser=0&hl=id&rclk=1	Jl. Margonda Raya No.201, Kemiri Muka, Kecamatan Beji, Kota Depok, Jawa Barat 16423		14/08/2026 10:52:25
Leonardus Mipur	ini gimana proses SPK saya, tidak ada informasi DP sudah setorkan dari 10 Juni 2026 sampai saat ini	3 minggu lalu	1 bintang	Ci9DQUlRQUNvZENodHljRjlvT2tkd1QxQlNaV2xoVUUwdFRXUXpURFZRZWxCZlMwRRAB	-6.384230	106.829055	https://www.google.com/maps/place/VINFAST+DEPOK/data=!4m7!3m6!1s0x2e69eb608d2c4231:0x63baafcc667149d5!8m2!3d-6.3842301!4d106.8290603!16s%2Fg%2F11y3kvt6vp!19sChIJMUIsjWDraS4R1UlxZsyvumM?authuser=0&hl=id&rclk=1	Jl. Margonda Raya No.201, Kemiri Muka, Kecamatan Beji, Kota Depok, Jawa Barat 16423		14/08/2026 10:52:25
Iyong	Aneh liat jawaban komentar yg gak beli disini gak boleh charger.	4 bulan lalu	1 bintang	Ci9DQUlRQUNvZENodHljRjlvT2xkRlRXc3pkWFF3VGs5cWQyMVJlRlpHWTFjemFFRRAB	-6.384230	106.829055	https://www.google.com/maps/place/VINFAST+DEPOK/data=!4m7!3m6!1s0x2e69eb608d2c4231:0x63baafcc667149d5!8m2!3d-6.3842301!4d106.8290603!16s%2Fg%2F11y3kvt6vp!19sChIJMUIsjWDraS4R1UlxZsyvumM?authuser=0&hl=id&rclk=1	Jl. Margonda Raya No.201, Kemiri Muka, Kecamatan Beji, Kota Depok, Jawa Barat 16423		14/08/2026 10:52:25
Aftah Pasha	Pelayanan pelanggan yang sangat buruk, bahkan dalam situasi darurat di mana daya mobil saya sangat rendah dan tidak ada pilihan lain, mereka tetap menolak untuk mengisi daya dengan alasan saya tidak dapat menghubungi perwakilan penjualan …	6 bulan lalu	1 bintang	Ci9DQUlRQUNvZENodHljRjlvT2kxWFNrSnBNRU5DVWkxQ1ozRk5WRVpLUTNRMlVrRRAB	-6.384230	106.829055	https://www.google.com/maps/place/VINFAST+DEPOK/data=!4m7!3m6!1s0x2e69eb608d2c4231:0x63baafcc667149d5!8m2!3d-6.3842301!4d106.8290603!16s%2Fg%2F11y3kvt6vp!19sChIJMUIsjWDraS4R1UlxZsyvumM?authuser=0&hl=id&rclk=1	Jl. Margonda Raya No.201, Kemiri Muka, Kecamatan Beji, Kota Depok, Jawa Barat 16423		14/08/2026 10:52:25
promo purwokerto	Hoax pengisian daya gratis.	5 bulan lalu	1 bintang	Ci9DQUlRQUNvZENodHljRjlvT2pScWJFVnVWWGxZWnpKaVUyOUVTM0UxTUd3eWNtYxAB	-6.384230	106.829055	https://www.google.com/maps/place/VINFAST+DEPOK/data=!4m7!3m6!1s0x2e69eb608d2c4231:0x63baafcc667149d5!8m2!3d-6.3842301!4d106.8290603!16s%2Fg%2F11y3kvt6vp!19sChIJMUIsjWDraS4R1UlxZsyvumM?authuser=0&hl=id&rclk=1	Jl. Margonda Raya No.201, Kemiri Muka, Kecamatan Beji, Kota Depok, Jawa Barat 16423		14/08/2026 10:52:25
Rahidi Adi	Ga merekomendasikan	3 bulan lalu	1 bintang	Ci9DQUlRQUNvZENodHljRjlvT25KcGVVRkRVSFZLYUVSU2N6VlBlVGxzTFhsaWVtYxAB	-6.384230	106.829055	https://www.google.com/maps/place/VINFAST+DEPOK/data=!4m7!3m6!1s0x2e69eb608d2c4231:0x63baafcc667149d5!8m2!3d-6.3842301!4d106.8290603!16s%2Fg%2F11y3kvt6vp!19sChIJMUIsjWDraS4R1UlxZsyvumM?authuser=0&hl=id&rclk=1	Jl. Margonda Raya No.201, Kemiri Muka, Kecamatan Beji, Kota Depok, Jawa Barat 16423		14/08/2026 10:52:25
Hoang De	EV yang bagus	2 tahun lalu	5 bintang	ChdDSUhNMG9nS0VJQ0FnSURUNTZlMXF3RRAB	-6.384230	106.829055	https://www.google.com/maps/place/VINFAST+DEPOK/data=!4m7!3m6!1s0x2e69eb608d2c4231:0x63baafcc667149d5!8m2!3d-6.3842301!4d106.8290603!16s%2Fg%2F11y3kvt6vp!19sChIJMUIsjWDraS4R1UlxZsyvumM?authuser=0&hl=id&rclk=1	Jl. Margonda Raya No.201, Kemiri Muka, Kecamatan Beji, Kota Depok, Jawa Barat 16423		14/08/2026 10:52:25
adhytia santoso	Tempat yang bagus untuk mencari mobil listrik.	setahun lalu	5 bintang	ChdDSUhNMG9nS0VJQ0FnTUNnaFBINDlBRRAB	-6.384230	106.829055	https://www.google.com/maps/place/VINFAST+DEPOK/data=!4m7!3m6!1s0x2e69eb608d2c4231:0x63baafcc667149d5!8m2!3d-6.3842301!4d106.8290603!16s%2Fg%2F11y3kvt6vp!19sChIJMUIsjWDraS4R1UlxZsyvumM?authuser=0&hl=id&rclk=1	Jl. Margonda Raya No.201, Kemiri Muka, Kecamatan Beji, Kota Depok, Jawa Barat 16423		14/08/2026 10:52:25
Nguyen Van Thinh	Vinfast	2 tahun lalu	5 bintang	ChZDSUhNMG9nS0VJQ0FnSUNEdDhMb09REAE	-6.384230	106.829055	https://www.google.com/maps/place/VINFAST+DEPOK/data=!4m7!3m6!1s0x2e69eb608d2c4231:0x63baafcc667149d5!8m2!3d-6.3842301!4d106.8290603!16s%2Fg%2F11y3kvt6vp!19sChIJMUIsjWDraS4R1UlxZsyvumM?authuser=0&hl=id&rclk=1	Jl. Margonda Raya No.201, Kemiri Muka, Kecamatan Beji, Kota Depok, Jawa Barat 16423		14/08/2026 10:52:25
Nghi Hoang		setahun lalu	5 bintang	ChZDSUhNMG9nS0VJQ0FnSURmcHAtTmF3EAE	-6.384230	106.829055	https://www.google.com/maps/place/VINFAST+DEPOK/data=!4m7!3m6!1s0x2e69eb608d2c4231:0x63baafcc667149d5!8m2!3d-6.3842301!4d106.8290603!16s%2Fg%2F11y3kvt6vp!19sChIJMUIsjWDraS4R1UlxZsyvumM?authuser=0&hl=id&rclk=1	Jl. Margonda Raya No.201, Kemiri Muka, Kecamatan Beji, Kota Depok, Jawa Barat 16423		14/08/2026 10:52:25
Danh Khanh		2 tahun lalu	5 bintang	ChZDSUhNMG9nS0VJQ0FnSURieGIyVEZBEAE	-6.384230	106.829055	https://www.google.com/maps/place/VINFAST+DEPOK/data=!4m7!3m6!1s0x2e69eb608d2c4231:0x63baafcc667149d5!8m2!3d-6.3842301!4d106.8290603!16s%2Fg%2F11y3kvt6vp!19sChIJMUIsjWDraS4R1UlxZsyvumM?authuser=0&hl=id&rclk=1	Jl. Margonda Raya No.201, Kemiri Muka, Kecamatan Beji, Kota Depok, Jawa Barat 16423		14/08/2026 10:52:25
Tài Cao Anh	Sangat bagus!	setahun lalu	5 bintang	ChdDSUhNMG9nS0VJQ0FnSUNIMi1lSzFRRRAB	-6.384230	106.829055	https://www.google.com/maps/place/VINFAST+DEPOK/data=!4m7!3m6!1s0x2e69eb608d2c4231:0x63baafcc667149d5!8m2!3d-6.3842301!4d106.8290603!16s%2Fg%2F11y3kvt6vp!19sChIJMUIsjWDraS4R1UlxZsyvumM?authuser=0&hl=id&rclk=1	Jl. Margonda Raya No.201, Kemiri Muka, Kecamatan Beji, Kota Depok, Jawa Barat 16423		14/08/2026 10:52:25
Panji Taupik		sebulan lalu	5 bintang	Ci9DQUlRQUNvZENodHljRjlvT20xSU9HNXVkbTVRUms1dlNsRXpSbEozZUV4MkxYYxAB	-6.384230	106.829055	https://www.google.com/maps/place/VINFAST+DEPOK/data=!4m7!3m6!1s0x2e69eb608d2c4231:0x63baafcc667149d5!8m2!3d-6.3842301!4d106.8290603!16s%2Fg%2F11y3kvt6vp!19sChIJMUIsjWDraS4R1UlxZsyvumM?authuser=0&hl=id&rclk=1	Jl. Margonda Raya No.201, Kemiri Muka, Kecamatan Beji, Kota Depok, Jawa Barat 16423		14/08/2026 10:52:25
dimas krisena w		sebulan lalu	3 bintang	Ci9DQUlRQUNvZENodHljRjlvT2kweFEwcDVTelZ1TWxnMFRGVTNjRkZ0YmpOV05YYxAB	-6.384230	106.829055	https://www.google.com/maps/place/VINFAST+DEPOK/data=!4m7!3m6!1s0x2e69eb608d2c4231:0x63baafcc667149d5!8m2!3d-6.3842301!4d106.8290603!16s%2Fg%2F11y3kvt6vp!19sChIJMUIsjWDraS4R1UlxZsyvumM?authuser=0&hl=id&rclk=1	Jl. Margonda Raya No.201, Kemiri Muka, Kecamatan Beji, Kota Depok, Jawa Barat 16423		14/08/2026 10:52:25
Rio Fajar Aulia		3 bulan lalu	1 bintang	Ci9DQUlRQUNvZENodHljRjlvT2tzd2EzcDVXV1Z0UTB0c05FMXBhR1J5WWpGRExWRRAB	-6.384230	106.829055	https://www.google.com/maps/place/VINFAST+DEPOK/data=!4m7!3m6!1s0x2e69eb608d2c4231:0x63baafcc667149d5!8m2!3d-6.3842301!4d106.8290603!16s%2Fg%2F11y3kvt6vp!19sChIJMUIsjWDraS4R1UlxZsyvumM?authuser=0&hl=id&rclk=1	Jl. Margonda Raya No.201, Kemiri Muka, Kecamatan Beji, Kota Depok, Jawa Barat 16423		14/08/2026 10:52:25
yogi arsyahardiansysh		3 bulan lalu	1 bintang	Ci9DQUlRQUNvZENodHljRjlvT2tGVFVXdFhVVXQwTjFabFdFRk1SbTFsVVVGUVpuYxAB	-6.384230	106.829055	https://www.google.com/maps/place/VINFAST+DEPOK/data=!4m7!3m6!1s0x2e69eb608d2c4231:0x63baafcc667149d5!8m2!3d-6.3842301!4d106.8290603!16s%2Fg%2F11y3kvt6vp!19sChIJMUIsjWDraS4R1UlxZsyvumM?authuser=0&hl=id&rclk=1	Jl. Margonda Raya No.201, Kemiri Muka, Kecamatan Beji, Kota Depok, Jawa Barat 16423		14/08/2026 10:52:25
trinhcuong1999		3 bulan lalu	5 bintang	Ci9DQUlRQUNvZENodHljRjlvT2tKM05XeDRhbEYxUkdjNFZGQktNa1ZuYUVGRWFrRRAB	-6.384230	106.829055	https://www.google.com/maps/place/VINFAST+DEPOK/data=!4m7!3m6!1s0x2e69eb608d2c4231:0x63baafcc667149d5!8m2!3d-6.3842301!4d106.8290603!16s%2Fg%2F11y3kvt6vp!19sChIJMUIsjWDraS4R1UlxZsyvumM?authuser=0&hl=id&rclk=1	Jl. Margonda Raya No.201, Kemiri Muka, Kecamatan Beji, Kota Depok, Jawa Barat 16423		14/08/2026 10:52:25
Erick B Tombeg		4 bulan lalu	5 bintang	Ci9DQUlRQUNvZENodHljRjlvT21aeExVNUpkWFU1UkhWT2JWWTRVWE5WUmtGNWFtYxAB	-6.384230	106.829055	https://www.google.com/maps/place/VINFAST+DEPOK/data=!4m7!3m6!1s0x2e69eb608d2c4231:0x63baafcc667149d5!8m2!3d-6.3842301!4d106.8290603!16s%2Fg%2F11y3kvt6vp!19sChIJMUIsjWDraS4R1UlxZsyvumM?authuser=0&hl=id&rclk=1	Jl. Margonda Raya No.201, Kemiri Muka, Kecamatan Beji, Kota Depok, Jawa Barat 16423		14/08/2026 10:52:25
budiman liani		4 bulan lalu	5 bintang	Ci9DQUlRQUNvZENodHljRjlvT2tzeVVXZENZV1YwVm1nMFowNTJjV3BIUkdvMVpXYxAB	-6.384230	106.829055	https://www.google.com/maps/place/VINFAST+DEPOK/data=!4m7!3m6!1s0x2e69eb608d2c4231:0x63baafcc667149d5!8m2!3d-6.3842301!4d106.8290603!16s%2Fg%2F11y3kvt6vp!19sChIJMUIsjWDraS4R1UlxZsyvumM?authuser=0&hl=id&rclk=1	Jl. Margonda Raya No.201, Kemiri Muka, Kecamatan Beji, Kota Depok, Jawa Barat 16423		14/08/2026 10:52:25
hamza badawi		7 bulan lalu	5 bintang	Ci9DQUlRQUNvZENodHljRjlvT21wSVpXbzFORmQzYUhSR1JrdGpWamhRWTFsVWQwRRAB	-6.384230	106.829055	https://www.google.com/maps/place/VINFAST+DEPOK/data=!4m7!3m6!1s0x2e69eb608d2c4231:0x63baafcc667149d5!8m2!3d-6.3842301!4d106.8290603!16s%2Fg%2F11y3kvt6vp!19sChIJMUIsjWDraS4R1UlxZsyvumM?authuser=0&hl=id&rclk=1	Jl. Margonda Raya No.201, Kemiri Muka, Kecamatan Beji, Kota Depok, Jawa Barat 16423		14/08/2026 10:52:25
Arman Prihantomo	Trimakasih semoga Kami dapat melayani dengan lbh baik Lagi	8 bulan lalu	5 bintang	Ci9DQUlRQUNvZENodHljRjlvT2tzeE9UTmZWbGRWT0hCWFRVaFVhVXQwZVVSSFRVRRAB	-6.384230	106.829055	https://www.google.com/maps/place/VINFAST+DEPOK/data=!4m7!3m6!1s0x2e69eb608d2c4231:0x63baafcc667149d5!8m2!3d-6.3842301!4d106.8290603!16s%2Fg%2F11y3kvt6vp!19sChIJMUIsjWDraS4R1UlxZsyvumM?authuser=0&hl=id&rclk=1	Jl. Margonda Raya No.201, Kemiri Muka, Kecamatan Beji, Kota Depok, Jawa Barat 16423		14/08/2026 10:52:25
Devina Yadita Fitri		setahun lalu	5 bintang	Ci9DQUlRQUNvZENodHljRjlvT2s5U1JUZDNaSFpRUjNWV2NUWkxhRFZRWlVsU1UzYxAB	-6.384230	106.829055	https://www.google.com/maps/place/VINFAST+DEPOK/data=!4m7!3m6!1s0x2e69eb608d2c4231:0x63baafcc667149d5!8m2!3d-6.3842301!4d106.8290603!16s%2Fg%2F11y3kvt6vp!19sChIJMUIsjWDraS4R1UlxZsyvumM?authuser=0&hl=id&rclk=1	Jl. Margonda Raya No.201, Kemiri Muka, Kecamatan Beji, Kota Depok, Jawa Barat 16423		14/08/2026 10:52:25
jag njaganathan		setahun lalu	5 bintang	ChdDSUhNMG9nS0VJQ0FnSURuZy1qazVnRRAB	-6.384230	106.829055	https://www.google.com/maps/place/VINFAST+DEPOK/data=!4m7!3m6!1s0x2e69eb608d2c4231:0x63baafcc667149d5!8m2!3d-6.3842301!4d106.8290603!16s%2Fg%2F11y3kvt6vp!19sChIJMUIsjWDraS4R1UlxZsyvumM?authuser=0&hl=id&rclk=1	Jl. Margonda Raya No.201, Kemiri Muka, Kecamatan Beji, Kota Depok, Jawa Barat 16423		14/08/2026 10:52:25
Hendra Satria		2 tahun lalu	5 bintang	ChdDSUhNMG9nS0VJQ0FnSUNicl9DejFBRRAB	-6.384230	106.829055	https://www.google.com/maps/place/VINFAST+DEPOK/data=!4m7!3m6!1s0x2e69eb608d2c4231:0x63baafcc667149d5!8m2!3d-6.3842301!4d106.8290603!16s%2Fg%2F11y3kvt6vp!19sChIJMUIsjWDraS4R1UlxZsyvumM?authuser=0&hl=id&rclk=1	Jl. Margonda Raya No.201, Kemiri Muka, Kecamatan Beji, Kota Depok, Jawa Barat 16423		14/08/2026 10:52:25
Phan Dang Thuan		2 tahun lalu	5 bintang	ChdDSUhNMG9nS0VJQ0FnSURUdU1ERG1nRRAB	-6.384230	106.829055	https://www.google.com/maps/place/VINFAST+DEPOK/data=!4m7!3m6!1s0x2e69eb608d2c4231:0x63baafcc667149d5!8m2!3d-6.3842301!4d106.8290603!16s%2Fg%2F11y3kvt6vp!19sChIJMUIsjWDraS4R1UlxZsyvumM?authuser=0&hl=id&rclk=1	Jl. Margonda Raya No.201, Kemiri Muka, Kecamatan Beji, Kota Depok, Jawa Barat 16423		14/08/2026 10:52:25
Linlin Subarlin		2 tahun lalu	5 bintang	ChZDSUhNMG9nS0VJQ0FnSUREaXJiV1pREAE	-6.384230	106.829055	https://www.google.com/maps/place/VINFAST+DEPOK/data=!4m7!3m6!1s0x2e69eb608d2c4231:0x63baafcc667149d5!8m2!3d-6.3842301!4d106.8290603!16s%2Fg%2F11y3kvt6vp!19sChIJMUIsjWDraS4R1UlxZsyvumM?authuser=0&hl=id&rclk=1	Jl. Margonda Raya No.201, Kemiri Muka, Kecamatan Beji, Kota Depok, Jawa Barat 16423		14/08/2026 10:52:25
Bella Casa		2 tahun lalu	5 bintang	ChdDSUhNMG9nS0VJQ0FnSUNEX3IzSHZ3RRAB	-6.384230	106.829055	https://www.google.com/maps/place/VINFAST+DEPOK/data=!4m7!3m6!1s0x2e69eb608d2c4231:0x63baafcc667149d5!8m2!3d-6.3842301!4d106.8290603!16s%2Fg%2F11y3kvt6vp!19sChIJMUIsjWDraS4R1UlxZsyvumM?authuser=0&hl=id&rclk=1	Jl. Margonda Raya No.201, Kemiri Muka, Kecamatan Beji, Kota Depok, Jawa Barat 16423		14/08/2026 10:52:25
Zupri Aion	layanan terbaik cepat dan jelas menjawab pertanyaan tentang mobil vinfast	11 bulan lalu	5 bintang	Ci9DQUlRQUNvZENodHljRjlvT21Nd1RWcEJXRnBUYVRSc01VZ3dPSGh3U0c1NmIyYxAB	-6.264023	106.793538	https://www.google.com/maps/place/Dealer+VINFAST+-+Promo+Mobil+Vinfast/data=!4m7!3m6!1s0x2e69f1510b7afaf7:0x39f6904c810c314f!8m2!3d-6.2640234!4d106.7935438!16s%2Fg%2F11yht_dhmv!19sChIJ9_p6C1HxaS4RTzEMgUyQ9jk?authuser=0&hl=id&rclk=1	sebelah Indomaret, Jl. H. Nawi Raya No.60, RT.7/RW.7, Gandaria Utara, Kec. Kby. Baru, Kota Jakarta Selatan, Daerah Khusus Ibukota Jakarta 12140	wa.me	14/08/2026 10:52:59
Paul Tanudjaja	Dealer yang strategis lokasinya, utk testdrive VF3 perlu booking ?	11 bulan lalu	5 bintang	Ci9DQUlRQUNvZENodHljRjlvT204d1ZFNXJibFJaU0VaNU1tUTViWGQxVmxWc2JXYxAB	-6.264023	106.793538	https://www.google.com/maps/place/Dealer+VINFAST+-+Promo+Mobil+Vinfast/data=!4m7!3m6!1s0x2e69f1510b7afaf7:0x39f6904c810c314f!8m2!3d-6.2640234!4d106.7935438!16s%2Fg%2F11yht_dhmv!19sChIJ9_p6C1HxaS4RTzEMgUyQ9jk?authuser=0&hl=id&rclk=1	sebelah Indomaret, Jl. H. Nawi Raya No.60, RT.7/RW.7, Gandaria Utara, Kec. Kby. Baru, Kota Jakarta Selatan, Daerah Khusus Ibukota Jakarta 12140	wa.me	14/08/2026 10:52:59
Hardi Yansyah	mantap...tempatnya bagus	11 bulan lalu	5 bintang	Ci9DQUlRQUNvZENodHljRjlvT2t0NmJVdzVjbmhvVGt0RWNVZEhXbnBRUzFwb1dXYxAB	-6.264023	106.793538	https://www.google.com/maps/place/Dealer+VINFAST+-+Promo+Mobil+Vinfast/data=!4m7!3m6!1s0x2e69f1510b7afaf7:0x39f6904c810c314f!8m2!3d-6.2640234!4d106.7935438!16s%2Fg%2F11yht_dhmv!19sChIJ9_p6C1HxaS4RTzEMgUyQ9jk?authuser=0&hl=id&rclk=1	sebelah Indomaret, Jl. H. Nawi Raya No.60, RT.7/RW.7, Gandaria Utara, Kec. Kby. Baru, Kota Jakarta Selatan, Daerah Khusus Ibukota Jakarta 12140	wa.me	14/08/2026 10:52:59
Ecev Store	Rekomendasi untuk yg lagi cari mobil listrik	setahun lalu	5 bintang	Ci9DQUlRQUNvZENodHljRjlvT2tKamJscGxaUzF1YzBWbGEwRmFRMFpRVXpGaWRtYxAB	-6.264023	106.793538	https://www.google.com/maps/place/Dealer+VINFAST+-+Promo+Mobil+Vinfast/data=!4m7!3m6!1s0x2e69f1510b7afaf7:0x39f6904c810c314f!8m2!3d-6.2640234!4d106.7935438!16s%2Fg%2F11yht_dhmv!19sChIJ9_p6C1HxaS4RTzEMgUyQ9jk?authuser=0&hl=id&rclk=1	sebelah Indomaret, Jl. H. Nawi Raya No.60, RT.7/RW.7, Gandaria Utara, Kec. Kby. Baru, Kota Jakarta Selatan, Daerah Khusus Ibukota Jakarta 12140	wa.me	14/08/2026 10:52:59
Fitra DwiRamdani	top terbaik satset🔥🔥🔥 …	7 bulan lalu	5 bintang	Ci9DQUlRQUNvZENodHljRjlvT2pBd2ExazJaVU5xTVhNemVtbzFWRUZZYVV0QmRFRRAB	-6.264023	106.793538	https://www.google.com/maps/place/Dealer+VINFAST+-+Promo+Mobil+Vinfast/data=!4m7!3m6!1s0x2e69f1510b7afaf7:0x39f6904c810c314f!8m2!3d-6.2640234!4d106.7935438!16s%2Fg%2F11yht_dhmv!19sChIJ9_p6C1HxaS4RTzEMgUyQ9jk?authuser=0&hl=id&rclk=1	sebelah Indomaret, Jl. H. Nawi Raya No.60, RT.7/RW.7, Gandaria Utara, Kec. Kby. Baru, Kota Jakarta Selatan, Daerah Khusus Ibukota Jakarta 12140	wa.me	14/08/2026 10:52:59
Bayu Setyawan	Dealernya Nyaman dan bersih	11 bulan lalu	5 bintang	Ci9DQUlRQUNvZENodHljRjlvT210V00zTmhVVGhEWTE5eFJUZFBYM1JXZUhKa09VRRAB	-6.264023	106.793538	https://www.google.com/maps/place/Dealer+VINFAST+-+Promo+Mobil+Vinfast/data=!4m7!3m6!1s0x2e69f1510b7afaf7:0x39f6904c810c314f!8m2!3d-6.2640234!4d106.7935438!16s%2Fg%2F11yht_dhmv!19sChIJ9_p6C1HxaS4RTzEMgUyQ9jk?authuser=0&hl=id&rclk=1	sebelah Indomaret, Jl. H. Nawi Raya No.60, RT.7/RW.7, Gandaria Utara, Kec. Kby. Baru, Kota Jakarta Selatan, Daerah Khusus Ibukota Jakarta 12140	wa.me	14/08/2026 10:52:59
Muhammad Habibie arkhanza	pelayananya baik	10 bulan lalu	5 bintang	Ci9DQUlRQUNvZENodHljRjlvT25Cbk9VcHBRV2RUYnpkb1kzbEdOakJPWWs5RlIxRRAB	-6.264023	106.793538	https://www.google.com/maps/place/Dealer+VINFAST+-+Promo+Mobil+Vinfast/data=!4m7!3m6!1s0x2e69f1510b7afaf7:0x39f6904c810c314f!8m2!3d-6.2640234!4d106.7935438!16s%2Fg%2F11yht_dhmv!19sChIJ9_p6C1HxaS4RTzEMgUyQ9jk?authuser=0&hl=id&rclk=1	sebelah Indomaret, Jl. H. Nawi Raya No.60, RT.7/RW.7, Gandaria Utara, Kec. Kby. Baru, Kota Jakarta Selatan, Daerah Khusus Ibukota Jakarta 12140	wa.me	14/08/2026 10:52:59
hairul saipullah	dealer mobil vinfast terbaik	seminggu lalu	5 bintang	Ci9DQUlRQUNvZENodHljRjlvT2xCMVkzbDJXRWxoV2xkUWRWazBRbnBWVEdVeGJrRRAB	-6.264023	106.793538	https://www.google.com/maps/place/Dealer+VINFAST+-+Promo+Mobil+Vinfast/data=!4m7!3m6!1s0x2e69f1510b7afaf7:0x39f6904c810c314f!8m2!3d-6.2640234!4d106.7935438!16s%2Fg%2F11yht_dhmv!19sChIJ9_p6C1HxaS4RTzEMgUyQ9jk?authuser=0&hl=id&rclk=1	sebelah Indomaret, Jl. H. Nawi Raya No.60, RT.7/RW.7, Gandaria Utara, Kec. Kby. Baru, Kota Jakarta Selatan, Daerah Khusus Ibukota Jakarta 12140	wa.me	14/08/2026 10:52:59
Wandi Diwan	tempat yang nyaman dan pelayanan yang ramah	11 bulan lalu	5 bintang	Ci9DQUlRQUNvZENodHljRjlvT2xGcldHdDRhRk55ZGxobWRURjFVak4zV21ad1MyYxAB	-6.264023	106.793538	https://www.google.com/maps/place/Dealer+VINFAST+-+Promo+Mobil+Vinfast/data=!4m7!3m6!1s0x2e69f1510b7afaf7:0x39f6904c810c314f!8m2!3d-6.2640234!4d106.7935438!16s%2Fg%2F11yht_dhmv!19sChIJ9_p6C1HxaS4RTzEMgUyQ9jk?authuser=0&hl=id&rclk=1	sebelah Indomaret, Jl. H. Nawi Raya No.60, RT.7/RW.7, Gandaria Utara, Kec. Kby. Baru, Kota Jakarta Selatan, Daerah Khusus Ibukota Jakarta 12140	wa.me	14/08/2026 10:52:59
Z X		seminggu lalu	5 bintang	Ci9DQUlRQUNvZENodHljRjlvT25NeGJWZFdRMjV1VjBkeGREaEhRM0p1YW01c1JFRRAB	-6.264023	106.793538	https://www.google.com/maps/place/Dealer+VINFAST+-+Promo+Mobil+Vinfast/data=!4m7!3m6!1s0x2e69f1510b7afaf7:0x39f6904c810c314f!8m2!3d-6.2640234!4d106.7935438!16s%2Fg%2F11yht_dhmv!19sChIJ9_p6C1HxaS4RTzEMgUyQ9jk?authuser=0&hl=id&rclk=1	sebelah Indomaret, Jl. H. Nawi Raya No.60, RT.7/RW.7, Gandaria Utara, Kec. Kby. Baru, Kota Jakarta Selatan, Daerah Khusus Ibukota Jakarta 12140	wa.me	14/08/2026 10:52:59
Edie Fahlevie		6 bulan lalu	5 bintang	Ci9DQUlRQUNvZENodHljRjlvT2t4NGFtaE1XRkZCZEVWWVoxSldUVmMzUkZSMVgxRRAB	-6.264023	106.793538	https://www.google.com/maps/place/Dealer+VINFAST+-+Promo+Mobil+Vinfast/data=!4m7!3m6!1s0x2e69f1510b7afaf7:0x39f6904c810c314f!8m2!3d-6.2640234!4d106.7935438!16s%2Fg%2F11yht_dhmv!19sChIJ9_p6C1HxaS4RTzEMgUyQ9jk?authuser=0&hl=id&rclk=1	sebelah Indomaret, Jl. H. Nawi Raya No.60, RT.7/RW.7, Gandaria Utara, Kec. Kby. Baru, Kota Jakarta Selatan, Daerah Khusus Ibukota Jakarta 12140	wa.me	14/08/2026 10:52:59
Komar Sunah		11 bulan lalu	5 bintang	Ci9DQUlRQUNvZENodHljRjlvT2xSd1luSkljazR0UTA5MldFeDVSR3MyVUV4ak0zYxAB	-6.264023	106.793538	https://www.google.com/maps/place/Dealer+VINFAST+-+Promo+Mobil+Vinfast/data=!4m7!3m6!1s0x2e69f1510b7afaf7:0x39f6904c810c314f!8m2!3d-6.2640234!4d106.7935438!16s%2Fg%2F11yht_dhmv!19sChIJ9_p6C1HxaS4RTzEMgUyQ9jk?authuser=0&hl=id&rclk=1	sebelah Indomaret, Jl. H. Nawi Raya No.60, RT.7/RW.7, Gandaria Utara, Kec. Kby. Baru, Kota Jakarta Selatan, Daerah Khusus Ibukota Jakarta 12140	wa.me	14/08/2026 10:52:59
yoni zar		setahun lalu	5 bintang	Ci9DQUlRQUNvZENodHljRjlvT2poWGJrMXNkbWhaZGtFd2NsbFVTM05xWkhWWFMyYxAB	-6.264023	106.793538	https://www.google.com/maps/place/Dealer+VINFAST+-+Promo+Mobil+Vinfast/data=!4m7!3m6!1s0x2e69f1510b7afaf7:0x39f6904c810c314f!8m2!3d-6.2640234!4d106.7935438!16s%2Fg%2F11yht_dhmv!19sChIJ9_p6C1HxaS4RTzEMgUyQ9jk?authuser=0&hl=id&rclk=1	sebelah Indomaret, Jl. H. Nawi Raya No.60, RT.7/RW.7, Gandaria Utara, Kec. Kby. Baru, Kota Jakarta Selatan, Daerah Khusus Ibukota Jakarta 12140	wa.me	14/08/2026 10:52:59
Hyundai cibubur Official		setahun lalu	5 bintang	Ci9DQUlRQUNvZENodHljRjlvT21sdE4zTlFWVXhYYzA5dVRqbHlhUzF3YVdWa09YYxAB	-6.264023	106.793538	https://www.google.com/maps/place/Dealer+VINFAST+-+Promo+Mobil+Vinfast/data=!4m7!3m6!1s0x2e69f1510b7afaf7:0x39f6904c810c314f!8m2!3d-6.2640234!4d106.7935438!16s%2Fg%2F11yht_dhmv!19sChIJ9_p6C1HxaS4RTzEMgUyQ9jk?authuser=0&hl=id&rclk=1	sebelah Indomaret, Jl. H. Nawi Raya No.60, RT.7/RW.7, Gandaria Utara, Kec. Kby. Baru, Kota Jakarta Selatan, Daerah Khusus Ibukota Jakarta 12140	wa.me	14/08/2026 10:52:59
Theresa Elizabeth	Pangisian charging nya udh bisa di harapan indah deket banget sama rumah😍😍.. tempatnya juga nyaman bis buat nunggu outdoor atau indoor gak banyak kendaraan lewat karna di lingkungan khusus showroom😍 …	sebulan lalu	5 bintang	Ci9DQUlRQUNvZENodHljRjlvT21JdGN6QkRPV2RzUlhjd2VuQlhTRzVYY0dsVVRVRRAB	-6.191772	106.977076	https://www.google.com/maps/place/VINFAST+BEKASI+Harapan+Indah/data=!4m7!3m6!1s0x2e698b000cf1be55:0x311c10c81513d3e5!8m2!3d-6.1917724!4d106.9770813!16s%2Fg%2F11zj9n8gkx!19sChIJVb7xDACLaS4R5dMTFcgQHDE?authuser=0&hl=id&rclk=1	Komplek Sentra Bisnis, Ruko B2, RT.003/RW.007, Medan Satria, Bekasi, West Java 17132		14/08/2026 10:53:33
Fuji Angga Wijaya	Masa taksi green SM gak boleh ngecas di sana. Mobil sama...merk sama. Tolong dong klo di dunia otomotif klo mau maju jgn membedakan. Dealer lain boleh kok...	3 bulan lalu	1 bintang	Ci9DQUlRQUNvZENodHljRjlvT21Oc2JWVlJWM2hDYVd0VE1pMXBhalp5YzJKdFNGRRAB	-6.191772	106.977076	https://www.google.com/maps/place/VINFAST+BEKASI+Harapan+Indah/data=!4m7!3m6!1s0x2e698b000cf1be55:0x311c10c81513d3e5!8m2!3d-6.1917724!4d106.9770813!16s%2Fg%2F11zj9n8gkx!19sChIJVb7xDACLaS4R5dMTFcgQHDE?authuser=0&hl=id&rclk=1	Komplek Sentra Bisnis, Ruko B2, RT.003/RW.007, Medan Satria, Bekasi, West Java 17132		14/08/2026 10:53:33
Novrilan Ilan	buat pengisian chargernya blom aktif tolong segara cepet d aktifkan dong	6 bulan lalu	1 bintang	Ci9DQUlRQUNvZENodHljRjlvT25ndGFHUlBkM1pqUkVKUVFraFRYMmxuVUdoalRWRRAB	-6.191772	106.977076	https://www.google.com/maps/place/VINFAST+BEKASI+Harapan+Indah/data=!4m7!3m6!1s0x2e698b000cf1be55:0x311c10c81513d3e5!8m2!3d-6.1917724!4d106.9770813!16s%2Fg%2F11zj9n8gkx!19sChIJVb7xDACLaS4R5dMTFcgQHDE?authuser=0&hl=id&rclk=1	Komplek Sentra Bisnis, Ruko B2, RT.003/RW.007, Medan Satria, Bekasi, West Java 17132		14/08/2026 10:53:33
David Kurniawan	Salah 1 dealer vinfast terbesar di seluruh indonesia dan mempunyai beberapa jaringan dealer di daerah	10 bulan lalu	5 bintang	Ci9DQUlRQUNvZENodHljRjlvT25oNVZXOXFjVU5oYm1odFNreDRNVGN3VkU1aE0yYxAB	-6.191772	106.977076	https://www.google.com/maps/place/VINFAST+BEKASI+Harapan+Indah/data=!4m7!3m6!1s0x2e698b000cf1be55:0x311c10c81513d3e5!8m2!3d-6.1917724!4d106.9770813!16s%2Fg%2F11zj9n8gkx!19sChIJVb7xDACLaS4R5dMTFcgQHDE?authuser=0&hl=id&rclk=1	Komplek Sentra Bisnis, Ruko B2, RT.003/RW.007, Medan Satria, Bekasi, West Java 17132		14/08/2026 10:53:33
Munir Ahmad	Pelayanan yang memuaskan	2 bulan lalu	5 bintang	Ci9DQUlRQUNvZENodHljRjlvT25CaGRXRXljbkp0YW5Bd0xYWk1ZMUJYUW5WNlgzYxAB	-6.191772	106.977076	https://www.google.com/maps/place/VINFAST+BEKASI+Harapan+Indah/data=!4m7!3m6!1s0x2e698b000cf1be55:0x311c10c81513d3e5!8m2!3d-6.1917724!4d106.9770813!16s%2Fg%2F11zj9n8gkx!19sChIJVb7xDACLaS4R5dMTFcgQHDE?authuser=0&hl=id&rclk=1	Komplek Sentra Bisnis, Ruko B2, RT.003/RW.007, Medan Satria, Bekasi, West Java 17132		14/08/2026 10:53:33
syahdirman		sebulan lalu	5 bintang	Ci9DQUlRQUNvZENodHljRjlvT2pWeWFWYzVXWFpTU0hkYWREWkRMVzEyVUV0MlluYxAB	-6.191772	106.977076	https://www.google.com/maps/place/VINFAST+BEKASI+Harapan+Indah/data=!4m7!3m6!1s0x2e698b000cf1be55:0x311c10c81513d3e5!8m2!3d-6.1917724!4d106.9770813!16s%2Fg%2F11zj9n8gkx!19sChIJVb7xDACLaS4R5dMTFcgQHDE?authuser=0&hl=id&rclk=1	Komplek Sentra Bisnis, Ruko B2, RT.003/RW.007, Medan Satria, Bekasi, West Java 17132		14/08/2026 10:53:33
Daniatur Rohmat		2 bulan lalu	5 bintang	Ci9DQUlRQUNvZENodHljRjlvT2tKQ1RVZFRXVXRaTFhSaFVWRTBZV05SVmxSUFkzYxAB	-6.191772	106.977076	https://www.google.com/maps/place/VINFAST+BEKASI+Harapan+Indah/data=!4m7!3m6!1s0x2e698b000cf1be55:0x311c10c81513d3e5!8m2!3d-6.1917724!4d106.9770813!16s%2Fg%2F11zj9n8gkx!19sChIJVb7xDACLaS4R5dMTFcgQHDE?authuser=0&hl=id&rclk=1	Komplek Sentra Bisnis, Ruko B2, RT.003/RW.007, Medan Satria, Bekasi, West Java 17132		14/08/2026 10:53:33
Rico Dwicahya Tendianti		2 bulan lalu	5 bintang	Ci9DQUlRQUNvZENodHljRjlvT25CSlNXNWphSFpqWjFsSGVFOVhTMlpNUkc5eVpFRRAB	-6.191772	106.977076	https://www.google.com/maps/place/VINFAST+BEKASI+Harapan+Indah/data=!4m7!3m6!1s0x2e698b000cf1be55:0x311c10c81513d3e5!8m2!3d-6.1917724!4d106.9770813!16s%2Fg%2F11zj9n8gkx!19sChIJVb7xDACLaS4R5dMTFcgQHDE?authuser=0&hl=id&rclk=1	Komplek Sentra Bisnis, Ruko B2, RT.003/RW.007, Medan Satria, Bekasi, West Java 17132		14/08/2026 10:53:33
Reiji		3 bulan lalu	1 bintang	Ci9DQUlRQUNvZENodHljRjlvT20xMll6TldhbVpWYkdKYVRXNDNaVTgzTms0d1dtYxAB	-6.191772	106.977076	https://www.google.com/maps/place/VINFAST+BEKASI+Harapan+Indah/data=!4m7!3m6!1s0x2e698b000cf1be55:0x311c10c81513d3e5!8m2!3d-6.1917724!4d106.9770813!16s%2Fg%2F11zj9n8gkx!19sChIJVb7xDACLaS4R5dMTFcgQHDE?authuser=0&hl=id&rclk=1	Komplek Sentra Bisnis, Ruko B2, RT.003/RW.007, Medan Satria, Bekasi, West Java 17132		14/08/2026 10:53:33
NANA ARDIANA		4 bulan lalu	5 bintang	Ci9DQUlRQUNvZENodHljRjlvT2swdE5qTkpXR1F5U0d4Q2MweGxPV1Y0Ykc1WWJIYxAB	-6.191772	106.977076	https://www.google.com/maps/place/VINFAST+BEKASI+Harapan+Indah/data=!4m7!3m6!1s0x2e698b000cf1be55:0x311c10c81513d3e5!8m2!3d-6.1917724!4d106.9770813!16s%2Fg%2F11zj9n8gkx!19sChIJVb7xDACLaS4R5dMTFcgQHDE?authuser=0&hl=id&rclk=1	Komplek Sentra Bisnis, Ruko B2, RT.003/RW.007, Medan Satria, Bekasi, West Java 17132		14/08/2026 10:53:33
BERITA & LAGU01		5 bulan lalu	5 bintang	Ci9DQUlRQUNvZENodHljRjlvT21SblVDMVVVbWt3VWt0M2IwVjZiekZqV1ZKZmNsRRAB	-6.191772	106.977076	https://www.google.com/maps/place/VINFAST+BEKASI+Harapan+Indah/data=!4m7!3m6!1s0x2e698b000cf1be55:0x311c10c81513d3e5!8m2!3d-6.1917724!4d106.9770813!16s%2Fg%2F11zj9n8gkx!19sChIJVb7xDACLaS4R5dMTFcgQHDE?authuser=0&hl=id&rclk=1	Komplek Sentra Bisnis, Ruko B2, RT.003/RW.007, Medan Satria, Bekasi, West Java 17132		14/08/2026 10:53:33
Rohayani		5 bulan lalu	5 bintang	Ci9DQUlRQUNvZENodHljRjlvT2swNU9YbGhZa3RuYzA4MlRsbFFVR2hJYkhOM1ZtYxAB	-6.191772	106.977076	https://www.google.com/maps/place/VINFAST+BEKASI+Harapan+Indah/data=!4m7!3m6!1s0x2e698b000cf1be55:0x311c10c81513d3e5!8m2!3d-6.1917724!4d106.9770813!16s%2Fg%2F11zj9n8gkx!19sChIJVb7xDACLaS4R5dMTFcgQHDE?authuser=0&hl=id&rclk=1	Komplek Sentra Bisnis, Ruko B2, RT.003/RW.007, Medan Satria, Bekasi, West Java 17132		14/08/2026 10:53:33
Eddie S		5 bulan lalu	5 bintang	Ci9DQUlRQUNvZENodHljRjlvT2xveU9IQTRNbVo2TFdwTWVEZ3liR1Z6ZEZGd1ZHYxAB	-6.191772	106.977076	https://www.google.com/maps/place/VINFAST+BEKASI+Harapan+Indah/data=!4m7!3m6!1s0x2e698b000cf1be55:0x311c10c81513d3e5!8m2!3d-6.1917724!4d106.9770813!16s%2Fg%2F11zj9n8gkx!19sChIJVb7xDACLaS4R5dMTFcgQHDE?authuser=0&hl=id&rclk=1	Komplek Sentra Bisnis, Ruko B2, RT.003/RW.007, Medan Satria, Bekasi, West Java 17132		14/08/2026 10:53:33
asdsawdasd adwaa		5 bulan lalu	5 bintang	Ci9DQUlRQUNvZENodHljRjlvT21sekxXMU5OVUp6YUY5U1QxaHdjMDFoY1hOemRHYxAB	-6.191772	106.977076	https://www.google.com/maps/place/VINFAST+BEKASI+Harapan+Indah/data=!4m7!3m6!1s0x2e698b000cf1be55:0x311c10c81513d3e5!8m2!3d-6.1917724!4d106.9770813!16s%2Fg%2F11zj9n8gkx!19sChIJVb7xDACLaS4R5dMTFcgQHDE?authuser=0&hl=id&rclk=1	Komplek Sentra Bisnis, Ruko B2, RT.003/RW.007, Medan Satria, Bekasi, West Java 17132		14/08/2026 10:53:33
Silvi Oktaviani		7 bulan lalu	5 bintang	Ci9DQUlRQUNvZENodHljRjlvT2kwd2FrTlhhVEZJTnpKemFsOWpVVmg0ZW5WRmFWRRAB	-6.191772	106.977076	https://www.google.com/maps/place/VINFAST+BEKASI+Harapan+Indah/data=!4m7!3m6!1s0x2e698b000cf1be55:0x311c10c81513d3e5!8m2!3d-6.1917724!4d106.9770813!16s%2Fg%2F11zj9n8gkx!19sChIJVb7xDACLaS4R5dMTFcgQHDE?authuser=0&hl=id&rclk=1	Komplek Sentra Bisnis, Ruko B2, RT.003/RW.007, Medan Satria, Bekasi, West Java 17132		14/08/2026 10:53:33
Imansyah Taufik		10 bulan lalu	5 bintang	Ci9DQUlRQUNvZENodHljRjlvT2pab05WZDVOMk42ZEVkQlQxWXRhMmhmUjE5aFJuYxAB	-6.191772	106.977076	https://www.google.com/maps/place/VINFAST+BEKASI+Harapan+Indah/data=!4m7!3m6!1s0x2e698b000cf1be55:0x311c10c81513d3e5!8m2!3d-6.1917724!4d106.9770813!16s%2Fg%2F11zj9n8gkx!19sChIJVb7xDACLaS4R5dMTFcgQHDE?authuser=0&hl=id&rclk=1	Komplek Sentra Bisnis, Ruko B2, RT.003/RW.007, Medan Satria, Bekasi, West Java 17132		14/08/2026 10:53:33
Hudan Wijaya		8 bulan lalu	5 bintang	Ci9DQUlRQUNvZENodHljRjlvT2xBMlF5MUNjVkpTYUZGcFMybG5NVXBSWW5KS2JuYxAB	-6.981740	107.437324	https://www.google.com/maps/place/Vinfast+Baros/data=!4m7!3m6!1s0x2e68f10050854ff5:0x604e1dda3f752ca0!8m2!3d-6.9817405!4d107.4373298!16s%2Fg%2F11wx4lfzt8!19sChIJ9U-FUADxaC4RoCx1P9odTmA?authuser=0&hl=id&rclk=1	2C9P+8W4, Jl. Raya Cililin, Mukapayung, Kec. Cililin, Kabupaten Bandung Barat, Jawa Barat 40562		14/08/2026 10:54:02
